index,Angle,Porosity,Surface_Area,Permeability_X,,,0.119982935,22.465265
1,0,54.09698486,5776,2.8312356,,,,
2,10,55.64727783,5726,2.615322,,,,
3,20,56.51855469,5624,2.6615942,,,,
4,30,56.63757324,5675,2.6067715,,,,
5,40,55.54046631,5594,2.2045727,,,,
6,50,54.8614502,5551,1.4262618,,,,
7,60,54.4128418,5537,1.2068093,,,,
8,70,54.4921875,5555,1.0806869,,,,
9,80,54.52423096,5768,0.96673024,,,,
10,90,54.09088135,5765,0.8915683,,,,
11,100,55.6427002,5716,0.7856342,,,,
12,110,56.55517578,5625,0.9887056,,,,
13,120,56.72302246,5683,0.8851737,,,,
14,130,55.56182861,5600,0.97725326,,,,
15,140,54.80499268,5551,1.5816002,,,,
16,150,54.45404053,5530,1.7614981,,,,
17,160,54.4708252,5569,1.8427029,,,,
18,170,54.51507568,5748,2.1284206,,,,
19,180,54.11987305,5768,3.0258062,,,,
20,0,67.73986816,4425,7.5414863,,,,
21,10,66.9128418,4382,7.2854013,,,,
22,20,67.99316406,4306,6.9789987,,,,
23,30,67.90618896,4311,6.554061,,,,
24,40,68.27392578,4274,5.748756,,,,
25,50,69.02618408,4257,6.2219505,,,,
26,60,68.39752197,4390,4.798402,,,,
27,70,68.35021973,4404,4.3367624,,,,
28,80,67.90008545,4377,4.954606,,,,
29,90,67.72613525,4415,4.696505,,,,
30,100,66.88232422,4389,4.179174,,,,
31,110,67.96722412,4304,5.1804247,,,,
32,120,67.89245605,4310,5.7322574,,,,
33,130,68.29833984,4262,6.4080944,,,,
34,140,68.94378662,4276,6.6653066,,,,
35,150,68.40209961,4389,8.098433,,,,
36,160,68.36547852,4392,8.839948,,,,
37,170,67.94128418,4391,8.410717,,,,
38,180,67.83294678,4388,7.292422,,,,
39,0,75.26397705,4422,20.98547,,,,
40,10,75.8026123,4261,20.089888,,,,
41,20,75.47454834,4145,18.802929,,,,
42,30,75.52947998,4098,16.533564,,,,
43,40,75.16021729,4001,6.1060166,,,,
44,50,74.61395264,4223,4.8146877,,,,
45,60,73.96697998,4519,4.437806,,,,
46,70,73.44512939,4664,4.503531,,,,
47,80,73.94256592,4658,4.893595,,,,
48,90,75.26397705,4421,5.582265,,,,
49,100,75.77056885,4263,11.0871935,,,,
50,110,75.45318604,4142,13.224084,,,,
51,120,75.54931641,4084,14.41548,,,,
52,130,75.19378662,4003,16.955393,,,,
53,140,74.54528809,4216,18.270264,,,,
54,150,73.9074707,4494,18.6954,,,,
55,160,73.42376709,4665,19.342403,,,,
56,170,74.01580811,4656,19.9004,,,,
57,180,75.20141602,4424,20.949425,,,,
58,0,66.83807373,6631,1.7133932,,,,
59,10,67.55523682,6796,2.1953106,,,,
60,20,67.48199463,7189,2.8876448,,,,
61,30,67.13562012,7491,3.137719,,,,
62,40,67.16766357,7651,3.706926,,,,
63,50,67.83599854,7606,3.6760077,,,,
64,60,68.15185547,7138,2.96625,,,,
65,70,68.68438721,6951,2.7126536,,,,
66,80,67.40722656,6763,1.597681,,,,
67,90,66.80450439,6638,1.184841,,,,
68,100,67.59033203,6805,0.96482474,,,,
69,110,67.47436523,7197,0.77707773,,,,
70,120,67.10510254,7493,0.4671225,,,,
71,130,67.13104248,7653,0.5055026,,,,
72,140,67.82531738,7604,0.5479031,,,,
73,150,68.16253662,7137,0.55943817,,,,
74,160,68.71948242,6950,0.9639952,,,,
75,170,67.43927002,6781,1.1908649,,,,
76,180,66.91894531,6625,1.7123739,,,,
77,0,67.56896973,6671,1.2212361,,,,
78,10,67.23632813,7229,0.54920036,,,,
79,20,66.98913574,7620,0.4398379,,,,
80,30,67.0135498,7808,0.30676788,,,,
81,40,67.20123291,7858,0.34916747,,,,
82,50,66.9342041,7711,0.46286687,,,,
83,60,66.93878174,7385,0.5059905,,,,
84,70,66.89300537,7039,0.60531044,,,,
85,80,67.0791626,6870,0.8229952,,,,
86,90,67.55065918,6678,1.6419548,,,,
87,100,67.21191406,7210,2.531002,,,,
88,110,66.97235107,7615,4.7612433,,,,
89,120,67.09136963,7794,7.0457053,,,,
90,130,67.23937988,7886,7.672015,,,,
91,140,66.9052124,7731,6.350366,,,,
92,150,66.92504883,7418,4.8542256,,,,
93,160,66.9052124,7042,2.6487896,,,,
94,170,67.08831787,6868,1.6776625,,,,
95,180,67.5994873,6679,1.3225019,,,,
96,0,62.53204346,8800,2.3632205,,,,
97,10,62.21313477,8757,2.2927396,,,,
98,20,62.21618652,8505,2.1441603,,,,
99,30,61.48681641,8343,1.3337293,,,,
100,40,61.91864014,7736,0.9557644,,,,
101,50,63.62304688,7678,0.77972883,,,,
102,60,63.07067871,8282,0.524444,,,,
103,70,62.68005371,8548,0.36612868,,,,
104,80,62.76245117,8753,0.29045194,,,,
105,90,62.5579834,8791,0.27968284,,,,
106,100,62.22839355,8750,0.26568335,,,,
107,110,62.20703125,8506,0.34324658,,,,
108,120,61.45172119,8346,0.5288228,,,,
109,130,61.90490723,7751,0.71303135,,,,
110,140,63.62915039,7705,1.1976188,,,,
111,150,63.04168701,8277,1.3376582,,,,
112,160,62.66326904,8561,1.6440682,,,,
113,170,62.77160645,8752,2.025386,,,,
114,180,62.72735596,8781,2.3902216,,,,
115,0,56.26068115,5865,1.946249,,,,
116,10,55.71136475,5930,1.8145467,,,,
117,20,55.4473877,5773,1.3917671,,,,
118,30,56.76422119,5689,1.2472938,,,,
119,40,57.11669922,5455,1.1499631,,,,
120,50,55.73272705,5489,0.8909455,,,,
121,60,55.63964844,5745,0.71240443,,,,
122,70,55.06134033,5994,0.6627143,,,,
123,80,55.56030273,5954,0.5881752,,,,
124,90,56.25,5855,0.5468489,,,,
125,100,55.71289063,5934,0.45078507,,,,
126,110,55.47943115,5774,0.7421117,,,,
127,120,56.78253174,5693,0.52962977,,,,
128,130,57.22198486,5446,1.145729,,,,
129,140,55.76019287,5483,1.6841826,,,,
130,150,55.61676025,5765,1.685973,,,,
131,160,55.02319336,5989,1.7064245,,,,
132,170,55.66711426,5941,1.7186946,,,,
133,180,56.21032715,5885,1.9125153,,,,
134,0,80.29327393,5637,10.988896,,,,
135,10,79.99725342,5640,9.027084,,,,
136,20,79.79125977,5682,8.307483,,,,
137,30,80.20629883,5678,7.1914005,,,,
138,40,80.027771,5708,6.6211834,,,,
139,50,80.2154541,5734,5.6075087,,,,
140,60,80.22766113,5847,5.9707503,,,,
141,70,80.19714355,5926,5.8086047,,,,
142,80,79.98504639,5988,5.752746,,,,
143,90,80.23834229,5639,6.290144,,,,
144,100,79.96673584,5654,6.1752725,,,,
145,110,79.7958374,5673,6.680763,,,,
146,120,80.22766113,5678,7.2050757,,,,
147,130,80.01403809,5701,7.357202,,,,
148,140,80.16815186,5743,7.997625,,,,
149,150,80.19104004,5870,10.528234,,,,
150,160,80.23529053,5945,10.685015,,,,
151,170,80.0201416,5972,10.229441,,,,
152,180,80.25817871,5680,10.991562,,,,
153,0,73.7991333,7143,4.72943,,,,
154,10,73.50158691,7355,4.630242,,,,
155,20,73.38562012,7372,4.4637938,,,,
156,30,73.07434082,7397,4.007381,,,,
157,40,73.03009033,7186,3.8289206,,,,
158,50,72.01690674,7179,3.6350358,,,,
159,60,72.86834717,6949,3.381137,,,,
160,70,73.70758057,6935,3.14584,,,,
161,80,73.9151001,7047,3.0143323,,,,
162,90,73.80218506,7158,2.7862234,,,,
163,100,73.5168457,7356,2.5787508,,,,
164,110,73.38104248,7366,2.7108371,,,,
165,120,73.04992676,7406,2.7531407,,,,
166,130,72.97973633,7197,2.9061475,,,,
167,140,71.9909668,7187,3.0424123,,,,
168,150,72.85919189,6971,3.3910055,,,,
169,160,73.71520996,6966,3.7845323,,,,
170,170,73.82507324,7064,4.2976804,,,,
171,180,73.78234863,7146,4.748624,,,,
172,0,63.96331787,8561,0.9477822,,,,
173,10,63.96942139,8404,0.96847326,,,,
174,20,63.75732422,8336,1.0124577,,,,
175,30,63.722229,8246,1.0363152,,,,
176,40,64.1494751,8423,1.4713153,,,,
177,50,64.27307129,8463,1.8720975,,,,
178,60,64.0838623,8577,2.0593324,,,,
179,70,63.91448975,8648,2.2148685,,,,
180,80,64.53094482,8590,2.3458781,,,,
181,90,63.95874023,8551,2.2483683,,,,
182,100,63.96484375,8427,1.9223902,,,,
183,110,63.70849609,8358,1.585688,,,,
184,120,63.66119385,8253,1.257,,,,
185,130,64.17388916,8428,1.0971514,,,,
186,140,64.20288086,8474,0.99458784,,,,
187,150,64.08081055,8585,1.0029558,,,,
188,160,63.8961792,8638,0.9213606,,,,
189,170,64.52331543,8586,0.88184303,,,,
190,180,63.93890381,8569,0.9945637,,,,
191,0,68.94683838,7961,2.2244232,,,,
192,10,68.73016357,8326,2.1022,,,,
193,20,68.74237061,8520,2.3532708,,,,
194,30,68.8293457,8411,2.4274507,,,,
195,40,68.55926514,8365,2.4964442,,,,
196,50,68.29681396,8327,2.194268,,,,
197,60,67.92144775,8281,1.8629391,,,,
198,70,68.11676025,8162,1.4018146,,,,
199,80,68.48449707,8120,1.3469672,,,,
200,90,68.92242432,7979,1.3448536,,,,
201,100,68.70574951,8324,1.1663934,,,,
202,110,68.75610352,8509,1.0510564,,,,
203,120,68.76678467,8413,1.098087,,,,
204,130,68.54553223,8387,1.1132627,,,,
205,140,68.2800293,8344,1.1186256,,,,
206,150,67.9977417,8272,1.2352741,,,,
207,160,68.11828613,8176,1.5468769,,,,
208,170,68.44329834,8145,1.7443888,,,,
209,180,68.92242432,7995,2.293671,,,,
210,0,67.11883545,8190,2.0343232,,,,
211,10,67.11730957,8572,1.9525445,,,,
212,20,67.22412109,8777,2.1210485,,,,
213,30,66.98303223,8833,2.163926,,,,
214,40,67.14630127,8692,2.0476716,,,,
215,50,66.97998047,8641,1.9231243,,,,
216,60,66.67022705,8496,1.6231813,,,,
217,70,67.15393066,8366,1.4943632,,,,
218,80,67.02880859,8344,1.5281473,,,,
219,90,67.08068848,8198,1.467935,,,,
220,100,67.13409424,8569,1.2706664,,,,
221,110,67.19207764,8779,1.2076432,,,,
222,120,66.9128418,8838,0.98104,,,,
223,130,67.10662842,8713,1.0111388,,,,
224,140,66.96166992,8642,1.1116455,,,,
225,150,66.67480469,8507,1.2563325,,,,
226,160,67.16918945,8374,1.5887169,,,,
227,170,67.09136963,8357,1.7719746,,,,
228,180,67.05932617,8200,2.0730922,,,,
229,0,58.17565918,8184,0.32651168,,,,
230,10,57.75909424,8250,0.4046812,,,,
231,20,57.55767822,8253,0.52966124,,,,
232,30,57.40203857,8350,0.59793997,,,,
233,40,56.60705566,8686,0.7435759,,,,
234,50,56.3583374,8848,0.9101043,,,,
235,60,57.07397461,8929,1.1202626,,,,
236,70,57.50427246,8833,1.0174873,,,,
237,80,57.97576904,8539,0.9348112,,,,
238,90,58.14208984,8195,0.6514405,,,,
239,100,57.78656006,8251,0.53723043,,,,
240,110,57.50427246,8268,0.4114237,,,,
241,120,57.38372803,8343,0.307059,,,,
242,130,56.59790039,8675,0.2782323,,,,
243,140,56.39343262,8842,0.17023592,,,,
244,150,57.15484619,8927,0.15763488,,,,
245,160,57.51037598,8825,0.1604429,,,,
246,170,57.97424316,8537,0.22251824,,,,
247,180,58.14361572,8192,0.29221007,,,,
248,0,63.85192871,6216,3.0604293,,,,
249,10,64.73846436,6104,2.5668821,,,,
250,20,63.83514404,6000,1.922531,,,,
251,30,64.81781006,5887,1.2510386,,,,
252,40,64.98413086,6086,0.8528838,,,,
253,50,65.07110596,6096,0.7787935,,,,
254,60,64.49890137,6327,0.77169126,,,,
255,70,64.0045166,6476,0.8478717,,,,
256,80,64.22576904,6350,0.91532844,,,,
257,90,63.85650635,6215,1.2261705,,,,
258,100,64.71099854,6108,1.6577334,,,,
259,110,63.7512207,5999,1.7835047,,,,
260,120,64.74761963,5902,3.33358,,,,
261,130,64.93377686,6113,4.5594606,,,,
262,140,64.95819092,6108,4.487749,,,,
263,150,64.51873779,6304,4.497712,,,,
264,160,63.84429932,6509,3.950593,,,,
265,170,64.12506104,6376,3.5466743,,,,
266,180,63.80157471,6207,3.1019945,,,,
267,0,63.63830566,5400,6.2302647,,,,
268,10,63.2232666,5382,4.675507,,,,
269,20,62.98217773,5244,2.2688553,,,,
270,30,62.75024414,5324,1.384448,,,,
271,40,62.62817383,5434,1.2942988,,,,
272,50,61.6394043,5562,1.287821,,,,
273,60,63.230896,5649,1.0585512,,,,
274,70,63.18969727,5577,0.664681,,,,
275,80,63.20343018,5525,0.6590147,,,,
276,90,63.59558105,5414,1.2723233,,,,
277,100,63.20648193,5382,1.3770312,,,,
278,110,63.05084229,5245,2.1676803,,,,
279,120,62.88146973,5306,3.3458478,,,,
280,130,62.70446777,5417,5.7022243,,,,
281,140,61.66992188,5551,6.0953765,,,,
282,150,63.28125,5640,8.413726,,,,
283,160,63.11950684,5549,8.148199,,,,
284,170,63.22479248,5519,7.1794405,,,,
285,180,63.56048584,5424,6.309838,,,,
286,0,67.88787842,7977,4.9074464,,,,
287,10,67.33398438,7892,4.380408,,,,
288,20,67.13562012,7745,3.6707592,,,,
289,30,67.77038574,7529,2.9837346,,,,
290,40,68.06640625,7250,1.7677828,,,,
291,50,67.26531982,7218,1.0710388,,,,
292,60,67.53082275,7601,0.72332764,,,,
293,70,67.18597412,7719,0.3361977,,,,
294,80,67.73529053,7851,0.30765012,,,,
295,90,67.8604126,7983,0.3329831,,,,
296,100,67.35076904,7880,0.38000372,,,,
297,110,67.16156006,7745,0.49093184,,,,
298,120,67.79327393,7530,0.5951425,,,,
299,130,68.1137085,7233,0.98968714,,,,
300,140,67.28668213,7208,1.5330503,,,,
301,150,67.52166748,7607,2.685256,,,,
302,160,67.14172363,7712,4.2944922,,,,
303,170,67.68188477,7839,4.8173747,,,,
304,180,67.78106689,8035,4.9060645,,,,
305,0,54.11529541,5664,2.9362705,,,,
306,10,55.41992188,5725,3.3173592,,,,
307,20,55.58624268,5706,3.3049536,,,,
308,30,55.37567139,5753,3.3101149,,,,
309,40,56.44073486,5421,3.0943801,,,,
310,50,55.78308105,5501,1.9638346,,,,
311,60,55.39550781,5433,1.3061213,,,,
312,70,55.34515381,5501,1.0508174,,,,
313,80,55.99975586,5666,0.89066154,,,,
314,90,54.12750244,5683,0.9407048,,,,
315,100,55.49926758,5737,0.7995613,,,,
316,110,55.64422607,5702,0.84622073,,,,
317,120,55.45501709,5746,0.8053206,,,,
318,130,56.48498535,5426,0.8648471,,,,
319,140,55.86242676,5507,1.4288682,,,,
320,150,55.40618896,5441,1.6926154,,,,
321,160,55.43823242,5500,1.935355,,,,
322,170,56.07299805,5641,2.1073616,,,,
323,180,54.16564941,5657,3.06282,,,,
324,0,67.93670654,4376,8.218972,,,,
325,10,67.78869629,4320,9.259423,,,,
326,20,68.05725098,4239,10.256388,,,,
327,30,67.40875244,4244,6.9029555,,,,
328,40,66.87011719,4302,5.6245084,,,,
329,50,67.64373779,4306,5.1997776,,,,
330,60,67.43621826,4422,5.006707,,,,
331,70,68.00689697,4478,4.5767403,,,,
332,80,67.96722412,4384,4.0115857,,,,
333,90,67.97027588,4358,4.1814623,,,,
334,100,67.83752441,4322,4.114455,,,,
335,110,68.03436279,4242,4.2501383,,,,
336,120,67.37060547,4248,4.109631,,,,
337,130,66.90979004,4327,5.2278876,,,,
338,140,67.61016846,4330,5.9929357,,,,
339,150,67.3828125,4427,6.4262877,,,,
340,160,67.99316406,4458,6.3116903,,,,
341,170,67.97180176,4380,7.0974927,,,,
342,180,67.918396,4366,8.0343895,,,,
343,0,72.9385376,4806,12.7229595,,,,
344,10,71.98486328,4846,8.7898655,,,,
345,20,71.91314697,4701,8.288414,,,,
346,30,72.00622559,4635,7.739143,,,,
347,40,72.17407227,4607,7.28037,,,,
348,50,72.15423584,4719,7.217634,,,,
349,60,73.02703857,4856,6.9721103,,,,
350,70,73.76098633,4932,6.771108,,,,
351,80,72.98278809,4921,5.5332923,,,,
352,90,72.91259766,4809,6.811153,,,,
353,100,71.97113037,4846,6.460095,,,,
354,110,71.89025879,4712,6.484113,,,,
355,120,72.00622559,4642,5.8285,,,,
356,130,72.10693359,4613,6.68375,,,,
357,140,72.07183838,4731,8.446045,,,,
358,150,72.9675293,4863,11.775901,,,,
359,160,73.69537354,4948,13.932796,,,,
360,170,72.84393311,4985,13.874241,,,,
361,180,72.8515625,4842,12.571899,,,,
362,0,70.36437988,6307,3.2582612,,,,
363,10,70.35980225,6641,3.951523,,,,
364,20,70.05310059,6946,5.023685,,,,
365,30,70.26519775,7096,6.202681,,,,
366,40,70.79620361,7074,6.4038534,,,,
367,50,70.62988281,7113,6.1578665,,,,
368,60,69.79064941,6939,5.708505,,,,
369,70,70.59173584,6687,4.6137247,,,,
370,80,70.66650391,6389,3.1615975,,,,
371,90,70.36590576,6314,1.792222,,,,
372,100,70.33538818,6646,1.3159907,,,,
373,110,70.04547119,6965,1.062779,,,,
374,120,70.28045654,7094,0.88946354,,,,
375,130,70.79315186,7068,0.83167964,,,,
376,140,70.57647705,7131,1.0330272,,,,
377,150,69.71282959,6949,1.5094239,,,,
378,160,70.57342529,6690,1.750571,,,,
379,170,70.65734863,6391,2.7258565,,,,
380,180,70.36132813,6329,3.3013654,,,,
381,0,68.21746826,6290,2.050543,,,,
382,10,69.04296875,6582,1.4300816,,,,
383,20,69.73724365,6994,0.65182215,,,,
384,30,69.28253174,7092,0.4887153,,,,
385,40,68.59283447,7313,0.37240085,,,,
386,50,69.02770996,7378,0.37436253,,,,
387,60,69.5892334,7016,1.5804672,,,,
388,70,69.59228516,6851,2.7642615,,,,
389,80,68.68438721,6567,3.1642854,,,,
390,90,68.25866699,6286,3.7932959,,,,
391,100,69.07501221,6586,5.0806556,,,,
392,110,69.72198486,6966,5.8412485,,,,
393,120,69.24285889,7077,6.53577,,,,
394,130,68.56842041,7264,6.8095737,,,,
395,140,69.02618408,7373,6.5001817,,,,
396,150,69.62890625,7002,5.9375544,,,,
397,160,69.63043213,6838,5.475805,,,,
398,170,68.70422363,6567,2.7407258,,,,
399,180,68.25256348,6294,2.1263795,,,,
400,0,64.9810791,8569,3.1009386,,,,
401,10,65.07415771,8474,2.7802875,,,,
402,20,64.66217041,8322,1.9557186,,,,
403,30,64.23492432,8193,1.6933478,,,,
404,40,64.16168213,7879,1.3801734,,,,
405,50,64.23187256,7804,1.0267825,,,,
406,60,64.22729492,8260,0.7825972,,,,
407,70,64.62097168,8516,0.579302,,,,
408,80,64.72930908,8744,0.33958185,,,,
409,90,64.99481201,8565,0.32942638,,,,
410,100,65.05432129,8501,0.35708728,,,,
411,110,64.67285156,8314,0.38781634,,,,
412,120,64.20898438,8193,0.6321713,,,,
413,130,64.12506104,7882,0.80207735,,,,
414,140,64.23034668,7804,1.3531796,,,,
415,150,64.3081665,8239,1.8327063,,,,
416,160,64.66522217,8490,2.1660707,,,,
417,170,64.76593018,8701,2.4555652,,,,
418,180,65.05889893,8556,3.1952941,,,,
419,0,58.37097168,5678,3.7200212,,,,
420,10,59.47418213,5523,2.8570397,,,,
421,20,58.32824707,5642,2.5382009,,,,
422,30,58.80889893,5282,2.3753684,,,,
423,40,59.95483398,5167,1.5501484,,,,
424,50,59.0637207,5288,1.5223902,,,,
425,60,58.21838379,5506,1.4744599,,,,
426,70,57.24334717,5690,1.1484694,,,,
427,80,58.0291748,5714,1.4541516,,,,
428,90,58.35266113,5661,2.014133,,,,
429,100,59.50164795,5509,2.1540322,,,,
430,110,58.34655762,5640,2.272113,,,,
431,120,58.76312256,5291,2.4820676,,,,
432,130,59.89532471,5182,3.1774397,,,,
433,140,59.0637207,5290,3.386429,,,,
434,150,58.16345215,5513,4.264802,,,,
435,160,57.17926025,5677,4.460661,,,,
436,170,58.06427002,5734,3.8950217,,,,
437,180,58.29315186,5662,3.6055331,,,,
438,0,77.76184082,6320,7.163071,,,,
439,10,77.78015137,6214,7.3474245,,,,
440,20,77.66265869,6221,6.690372,,,,
441,30,77.39562988,6133,5.9989505,,,,
442,40,77.10571289,6344,5.2980194,,,,
443,50,77.42156982,6392,5.027417,,,,
444,60,77.64129639,6509,4.5783772,,,,
445,70,78.125,6458,4.359328,,,,
446,80,77.96478271,6429,3.711135,,,,
447,90,77.76641846,6310,3.5808406,,,,
448,100,77.77557373,6215,3.8474648,,,,
449,110,77.69317627,6217,3.8580787,,,,
450,120,77.39868164,6133,4.136055,,,,
451,130,77.07672119,6349,4.8601804,,,,
452,140,77.40325928,6401,5.5342197,,,,
453,150,77.66876221,6488,6.015806,,,,
454,160,78.10821533,6472,6.6421766,,,,
455,170,78.01513672,6424,6.8073406,,,,
456,180,77.73590088,6300,7.0640693,,,,
457,0,72.46856689,7398,4.2573566,,,,
458,10,72.69287109,7512,4.0144,,,,
459,20,72.55706787,7482,4.44021,,,,
460,30,72.58148193,7558,3.9961102,,,,
461,40,71.75598145,7560,3.5542126,,,,
462,50,71.98028564,7459,2.9855375,,,,
463,60,72.02301025,7377,2.6070902,,,,
464,70,72.56622314,7292,2.3560503,,,,
465,80,72.21374512,7398,2.1015115,,,,
466,90,72.4609375,7401,1.8283163,,,,
467,100,72.63793945,7506,1.4714696,,,,
468,110,72.55554199,7480,1.547542,,,,
469,120,72.56011963,7567,1.5239441,,,,
470,130,71.71020508,7586,1.8656087,,,,
471,140,71.91925049,7463,2.271565,,,,
472,150,72.03216553,7367,2.833209,,,,
473,160,72.48535156,7255,3.4247453,,,,
474,170,72.21984863,7383,3.9440968,,,,
475,180,72.46704102,7410,4.339135,,,,
476,0,63.4765625,8617,0.7212546,,,,
477,10,63.98010254,8486,0.69359905,,,,
478,20,64.36157227,8232,0.8480884,,,,
479,30,64.04724121,8391,1.1923143,,,,
480,40,64.05029297,8434,1.2796149,,,,
481,50,64.21508789,8426,1.6209619,,,,
482,60,64.05487061,8614,1.7802075,,,,
483,70,63.69171143,8725,2.003132,,,,
484,80,63.75579834,8782,2.1819594,,,,
485,90,63.49029541,8645,2.3129368,,,,
486,100,63.93585205,8496,2.1145837,,,,
487,110,64.402771,8214,1.9677432,,,,
488,120,64.08538818,8385,1.6509104,,,,
489,130,64.112854,8420,1.3078245,,,,
490,140,64.25170898,8430,1.1362492,,,,
491,150,64.07623291,8633,0.9245857,,,,
492,160,63.69781494,8728,0.8133741,,,,
493,170,63.77868652,8778,0.73428077,,,,
494,180,63.56506348,8659,0.7586184,,,,
495,0,67.48046875,8325,2.2400734,,,,
496,10,67.93060303,8648,2.231502,,,,
497,20,68.68133545,8624,2.2926228,,,,
498,30,68.97735596,8649,2.625994,,,,
499,40,68.14727783,8747,2.3920827,,,,
500,50,67.75970459,8663,2.2414596,,,,
501,60,68.27697754,8425,2.0151918,,,,
502,70,68.12744141,8272,1.7781988,,,,
503,80,67.57507324,8420,1.5608159,,,,
504,90,67.47436523,8353,1.4366028,,,,
505,100,67.93518066,8648,1.2350051,,,,
506,110,68.67523193,8642,1.2317356,,,,
507,120,68.96209717,8647,1.0991096,,,,
508,130,68.11523438,8744,1.0525414,,,,
509,140,67.79022217,8663,1.090671,,,,
510,150,68.1930542,8424,1.2601435,,,,
511,160,68.12286377,8286,1.3033415,,,,
512,170,67.58575439,8406,1.8270345,,,,
513,180,67.47589111,8349,2.2334158,,,,
514,0,65.86608887,8675,1.6177641,,,,
515,10,66.25823975,8846,1.8332905,,,,
516,20,66.74804688,8997,1.8725001,,,,
517,30,66.74957275,8873,1.9175893,,,,
518,40,66.54815674,8918,1.8904302,,,,
519,50,66.36657715,8795,1.7065642,,,,
520,60,67.42095947,8398,1.5238135,,,,
521,70,66.94335938,8472,1.3031582,,,,
522,80,66.3192749,8488,1.1931998,,,,
523,90,65.83099365,8683,1.208258,,,,
524,100,66.24450684,8848,1.1326632,,,,
525,110,66.78009033,8993,1.068222,,,,
526,120,66.69464111,8883,0.9003643,,,,
527,130,66.50848389,8927,0.88852066,,,,
528,140,66.355896,8804,1.0339923,,,,
529,150,67.36755371,8383,1.2346641,,,,
530,160,66.93878174,8466,1.4106215,,,,
531,170,66.32385254,8494,1.4657547,,,,
532,180,65.86151123,8684,1.6814474,,,,
533,0,57.60040283,8224,0.28819472,,,,
534,10,57.62634277,8030,0.31070083,,,,
535,20,58.31756592,7832,0.62511116,,,,
536,30,58.3694458,8043,0.7830692,,,,
537,40,58.203125,8544,0.84471804,,,,
538,50,58.15582275,8617,0.9517614,,,,
539,60,57.82318115,8632,1.0488001,,,,
540,70,57.58514404,8819,1.050601,,,,
541,80,57.92236328,8544,1.0324892,,,,
542,90,57.6385498,8216,0.89171183,,,,
543,100,57.6751709,8022,0.6026282,,,,
544,110,58.3190918,7832,0.4659459,,,,
545,120,58.35266113,8032,0.40924874,,,,
546,130,58.18481445,8552,0.23498563,,,,
547,140,58.18481445,8610,0.19717127,,,,
548,150,57.84912109,8626,0.119982935,,,,
549,160,57.59887695,8813,0.14461793,,,,
550,170,57.90710449,8559,0.24270606,,,,
551,180,57.61108398,8214,0.28735426,,,,
552,0,66.456604,6288,3.9951513,,,,
553,10,67.04864502,6069,3.5061953,,,,
554,20,66.58477783,5984,2.7449236,,,,
555,30,66.3269043,6085,2.2683673,,,,
556,40,66.42303467,6159,1.6138804,,,,
557,50,66.83654785,6317,1.1704066,,,,
558,60,66.40167236,6548,1.0966359,,,,
559,70,65.95153809,6662,1.0894885,,,,
560,80,65.675354,6483,1.1884887,,,,
561,90,66.50390625,6290,1.6478932,,,,
562,100,67.01202393,6070,1.6585099,,,,
563,110,66.6229248,5981,1.9456148,,,,
564,120,66.36505127,6085,2.155282,,,,
565,130,66.40930176,6157,2.7355683,,,,
566,140,66.79534912,6331,3.2988288,,,,
567,150,66.456604,6560,3.735028,,,,
568,160,66.08276367,6639,3.8356285,,,,
569,170,65.60974121,6467,4.1239877,,,,
570,180,66.53594971,6279,4.128045,,,,
571,0,63.54827881,5395,5.3251557,,,,
572,10,63.64593506,5153,5.1119328,,,,
573,20,63.12866211,5177,4.5021176,,,,
574,30,62.34741211,5392,1.4716036,,,,
575,40,62.7746582,5451,1.3462886,,,,
576,50,62.30316162,5548,1.033796,,,,
577,60,62.47406006,5611,0.67408705,,,,
578,70,63.26751709,5783,0.83150417,,,,
579,80,63.81225586,5524,0.7469181,,,,
580,90,63.53759766,5405,0.7062209,,,,
581,100,63.65661621,5150,0.7623537,,,,
582,110,63.06915283,5170,0.8197737,,,,
583,120,62.40692139,5393,3.9401798,,,,
584,130,62.71362305,5448,4.9084396,,,,
585,140,62.24517822,5598,5.0553684,,,,
586,150,62.48016357,5627,5.3186536,,,,
587,160,63.29345703,5808,5.3077683,,,,
588,170,63.85803223,5538,5.279691,,,,
589,180,63.55438232,5400,5.3719497,,,,
590,0,65.22521973,8166,3.7529814,,,,
591,10,65.86761475,8022,3.6378567,,,,
592,20,65.50292969,7850,1.9723117,,,,
593,30,65.39306641,7814,1.658093,,,,
594,40,64.81323242,7487,1.4107102,,,,
595,50,64.7277832,7529,1.1402634,,,,
596,60,65.20385742,7846,0.71173704,,,,
597,70,64.81170654,8017,0.59220415,,,,
598,80,64.76745605,8127,0.55241233,,,,
599,90,65.20690918,8162,0.47815296,,,,
600,100,65.87524414,8005,0.46926504,,,,
601,110,65.53497314,7843,0.4814686,,,,
602,120,65.39001465,7812,0.7729374,,,,
603,130,64.77966309,7501,1.0682511,,,,
604,140,64.64385986,7543,1.1659828,,,,
605,150,65.14129639,7868,1.8010908,,,,
606,160,64.7857666,8014,2.4809554,,,,
607,170,64.75067139,8101,2.989927,,,,
608,180,65.29083252,8166,3.6563857,,,,
609,0,54.1809082,5543,2.324842,,,,
610,10,54.04205322,5713,2.0346303,,,,
611,20,53.88641357,5593,1.9559844,,,,
612,30,54.26940918,5650,1.8383474,,,,
613,40,53.43475342,5489,1.029903,,,,
614,50,53.20281982,5461,0.8826286,,,,
615,60,54.28924561,5445,0.8659924,,,,
616,70,53.79638672,5369,0.73849654,,,,
617,80,54.02069092,5475,0.6952738,,,,
618,90,54.14581299,5538,0.75764066,,,,
619,100,54.0435791,5699,0.6404192,,,,
620,110,53.96881104,5576,0.6737409,,,,
621,120,54.34112549,5636,0.69917053,,,,
622,130,53.41796875,5491,0.75092024,,,,
623,140,53.25317383,5473,0.8723041,,,,
624,150,54.29077148,5433,0.9778683,,,,
625,160,53.75823975,5372,1.5855988,,,,
626,170,53.87420654,5510,1.8943521,,,,
627,180,54.00543213,5605,2.254359,,,,
628,0,68.49212646,4308,8.29957,,,,
629,10,68.84765625,4210,9.195821,,,,
630,20,68.42498779,4205,7.6804895,,,,
631,30,67.88635254,4167,5.857744,,,,
632,40,68.48907471,4107,4.7553725,,,,
633,50,69.32983398,4120,3.8990958,,,,
634,60,69.88830566,4186,4.1130557,,,,
635,70,68.66149902,4261,3.9986973,,,,
636,80,67.46673584,4417,3.8303242,,,,
637,90,68.5333252,4296,4.052775,,,,
638,100,68.91326904,4209,3.9879928,,,,
639,110,68.45092773,4209,3.938602,,,,
640,120,67.84362793,4174,4.37361,,,,
641,130,68.52874756,4109,7.1280103,,,,
642,140,69.34356689,4123,7.643515,,,,
643,150,69.8059082,4211,7.9676013,,,,
644,160,68.64318848,4268,8.174763,,,,
645,170,67.52471924,4435,7.8722763,,,,
646,180,68.45092773,4291,8.400312,,,,
647,0,75.09765625,4583,18.634352,,,,
648,10,73.52752686,4463,15.023287,,,,
649,20,74.3560791,4138,12.2213125,,,,
650,30,74.67193604,4008,11.602483,,,,
651,40,75.83770752,3938,10.736871,,,,
652,50,76.38702393,4030,8.137799,,,,
653,60,76.84631348,4166,6.295689,,,,
654,70,76.59301758,4351,3.8068364,,,,
655,80,76.17492676,4489,2.4022524,,,,
656,90,75.12359619,4557,2.3485053,,,,
657,100,73.55194092,4463,2.9188502,,,,
658,110,74.38964844,4139,6.3670464,,,,
659,120,74.64447021,4011,11.243128,,,,
660,130,75.8972168,3939,15.974293,,,,
661,140,76.45263672,4019,17.242065,,,,
662,150,76.88293457,4149,21.739416,,,,
663,160,76.64642334,4346,22.465265,,,,
664,170,76.21765137,4467,21.23147,,,,
665,180,75.16326904,4556,18.80614,,,,
666,0,67.61474609,6695,3.125748,,,,
667,10,67.137146,7004,3.9405887,,,,
668,20,67.29888916,7240,4.380869,,,,
669,30,67.68798828,7336,5.4818006,,,,
670,40,67.47741699,7515,5.35113,,,,
671,50,67.64984131,7592,5.015206,,,,
672,60,67.94128418,7226,4.5946107,,,,
673,70,67.59338379,7124,3.4391448,,,,
674,80,67.24700928,6975,2.5715935,,,,
675,90,67.59033203,6704,2.2056742,,,,
676,100,67.14477539,7012,0.84362495,,,,
677,110,67.27600098,7249,0.42591536,,,,
678,120,67.68341064,7329,0.3677993,,,,
679,130,67.44232178,7517,0.31278345,,,,
680,140,67.60253906,7601,0.85138905,,,,
681,150,67.92144775,7234,1.1331549,,,,
682,160,67.54608154,7133,1.2090976,,,,
683,170,67.23327637,6988,1.5441843,,,,
684,180,67.59796143,6722,3.1600266,,,,
685,0,65.64941406,7136,0.6705112,,,,
686,10,66.12854004,7529,0.5490034,,,,
687,20,66.21551514,7835,0.46590486,,,,
688,30,65.99578857,8097,0.15834062,,,,
689,40,65.29693604,8295,0.1320554,,,,
690,50,65.12298584,8112,0.13486385,,,,
691,60,66.34674072,7707,0.30383068,,,,
692,70,66.35894775,7496,0.5672987,,,,
693,80,66.03393555,7380,0.773854,,,,
694,90,65.66467285,7131,1.1911743,,,,
695,100,66.12243652,7503,1.9551343,,,,
696,110,66.21551514,7841,2.601975,,,,
697,120,66.04003906,8091,2.9377987,,,,
698,130,65.34118652,8269,3.227706,,,,
699,140,65.16571045,8129,2.9235237,,,,
700,150,66.28417969,7721,2.223036,,,,
701,160,66.37268066,7513,1.6265064,,,,
702,170,66.06140137,7380,1.0291599,,,,
703,180,65.67077637,7125,0.61465394,,,,
704,0,64.36157227,8655,2.797881,,,,
705,10,63.97094727,8636,2.3939004,,,,
706,20,63.92364502,8617,2.1659892,,,,
707,30,63.95721436,8465,1.857917,,,,
708,40,63.20953369,8112,1.33571,,,,
709,50,63.52081299,8078,0.75623244,,,,
710,60,63.59405518,8539,0.60916775,,,,
711,70,63.72375488,8632,0.4294767,,,,
712,80,63.73443604,8737,0.32499665,,,,
713,90,64.33410645,8666,0.27624983,,,,
714,100,64.012146,8640,0.3909054,,,,
715,110,63.96636963,8618,0.4489533,,,,
716,120,63.98010254,8477,0.6328252,,,,
717,130,63.20800781,8119,1.119709,,,,
718,140,63.52539063,8099,1.4008185,,,,
719,150,63.66729736,8524,1.9865155,,,,
720,160,63.82598877,8637,2.1629946,,,,
721,170,63.79699707,8761,2.4549928,,,,
722,180,64.43023682,8599,2.8531055,,,,
723,0,58.07342529,6012,2.095326,,,,
724,10,58.09936523,6153,1.9894929,,,,
725,20,58.1451416,6025,2.162691,,,,
726,30,59.68322754,5675,2.045907,,,,
727,40,60.48583984,5363,1.6916661,,,,
728,50,59.19342041,5398,1.5115317,,,,
729,60,57.67822266,5671,1.2456357,,,,
730,70,58.22143555,5769,1.2561315,,,,
731,80,57.18688965,5963,0.6596898,,,,
732,90,57.9864502,6015,0.8043525,,,,
733,100,58.02307129,6151,0.7305884,,,,
734,110,58.08410645,6023,1.0112869,,,,
735,120,59.63897705,5676,0.92991334,,,,
736,130,60.48736572,5360,1.0209438,,,,
737,140,59.17205811,5407,1.0013103,,,,
738,150,57.67669678,5682,0.910533,,,,
739,160,58.22143555,5757,1.2053194,,,,
740,170,57.27233887,5955,1.5815592,,,,
741,180,58.09326172,5944,1.9716705,,,,
742,0,80.59082031,5607,9.677521,,,,
743,10,81.11572266,5447,11.1004,,,,
744,20,81.84204102,5202,10.943121,,,,
745,30,81.45294189,5176,9.830184,,,,
746,40,81.90002441,5210,9.262731,,,,
747,50,81.84051514,5257,7.761757,,,,
748,60,81.43920898,5408,6.478904,,,,
749,70,81.08062744,5649,5.4305,,,,
750,80,80.6060791,5708,5.4063807,,,,
751,90,80.63964844,5614,5.496019,,,,
752,100,81.0760498,5463,5.505176,,,,
753,110,81.82678223,5207,6.0811515,,,,
754,120,81.45141602,5190,6.786293,,,,
755,130,81.79626465,5230,7.2944856,,,,
756,140,81.77490234,5273,8.358922,,,,
757,150,81.44073486,5421,8.770714,,,,
758,160,81.0760498,5622,9.492235,,,,
759,170,80.60455322,5693,9.340583,,,,
760,180,80.62896729,5635,9.68224,,,,
761,0,74.05090332,7183,4.359907,,,,
762,10,73.69232178,7384,4.2246137,,,,
763,20,73.12316895,7557,4.0538845,,,,
764,30,73.81439209,7372,4.0302305,,,,
765,40,73.62823486,7286,3.748598,,,,
766,50,73.59924316,7116,3.677752,,,,
767,60,73.47869873,7078,3.0482178,,,,
768,70,73.58551025,7013,2.8599138,,,,
769,80,74.14398193,7207,2.6949444,,,,
770,90,74.08752441,7170,2.522976,,,,
771,100,73.65722656,7385,2.3511493,,,,
772,110,73.1262207,7543,2.4218323,,,,
773,120,73.72283936,7361,2.670349,,,,
774,130,73.52905273,7283,3.01645,,,,
775,140,73.56719971,7118,3.5448952,,,,
776,150,73.40240479,7086,3.8222866,,,,
777,160,73.54736328,7042,4.043013,,,,
778,170,74.07989502,7239,4.075224,,,,
779,180,74.12414551,7157,4.4217854,,,,
780,0,64.33868408,8459,0.83038634,,,,
781,10,65.02685547,8387,0.8498696,,,,
782,20,65.24658203,8061,1.0472572,,,,
783,30,65.14282227,8112,1.2141935,,,,
784,40,64.53704834,8292,1.5484359,,,,
785,50,64.35089111,8484,1.7876524,,,,
786,60,65.24963379,8473,2.1231327,,,,
787,70,65.13977051,8495,2.129678,,,,
788,80,65.51513672,8687,2.1000094,,,,
789,90,64.33410645,8470,2.2035823,,,,
790,100,65.01464844,8381,2.04701,,,,
791,110,65.24963379,8078,1.8513081,,,,
792,120,65.1260376,8108,1.6253499,,,,
793,130,64.55383301,8292,1.1786282,,,,
794,140,64.42718506,8470,1.0002285,,,,
795,150,65.22979736,8494,0.8911033,,,,
796,160,65.20080566,8492,0.84491605,,,,
797,170,65.52276611,8665,0.80084616,,,,
798,180,64.36462402,8470,0.814913,,,,
799,0,69.97680664,7979,2.2631562,,,,
800,10,69.75097656,8386,2.555282,,,,
801,20,70.19500732,8505,2.7299633,,,,
802,30,69.99053955,8532,2.8358798,,,,
803,40,69.76013184,8431,2.706153,,,,
804,50,69.18182373,8457,2.434438,,,,
805,60,69.39239502,8129,2.0920768,,,,
806,70,70.43457031,7999,2.0336504,,,,
807,80,69.98901367,7918,1.57602,,,,
808,90,70.01190186,7979,1.4383233,,,,
809,100,69.72045898,8408,1.311654,,,,
810,110,70.15075684,8510,1.2244138,,,,
811,120,69.96765137,8515,1.127917,,,,
812,130,69.74182129,8432,1.0951906,,,,
813,140,69.140625,8458,1.2602985,,,,
814,150,69.34509277,8134,1.5312608,,,,
815,160,70.43762207,7971,1.857355,,,,
816,170,69.97070313,7939,1.9502274,,,,
817,180,69.98138428,7967,2.2409587,,,,
818,0,67.77038574,8206,1.9416847,,,,
819,10,67.25769043,8442,1.9061275,,,,
820,20,67.54302979,8544,2.195716,,,,
821,30,67.20275879,8694,2.2676075,,,,
822,40,67.53692627,8622,1.9263922,,,,
823,50,68.5256958,8432,1.9811324,,,,
824,60,68.85986328,8236,2.0339856,,,,
825,70,68.21746826,8231,1.700526,,,,
826,80,67.8237915,8156,1.511734,,,,
827,90,67.7947998,8217,1.585612,,,,
828,100,67.2668457,8452,1.4140033,,,,
829,110,67.54455566,8544,1.1794192,,,,
830,120,67.22259521,8688,1.0047823,,,,
831,130,67.52929688,8633,1.0499815,,,,
832,140,68.5836792,8417,1.16373,,,,
833,150,68.84460449,8237,1.3168539,,,,
834,160,68.2800293,8214,1.4548948,,,,
835,170,67.83447266,8172,1.605494,,,,
836,180,67.80853271,8204,1.8464968,,,,
837,0,60.0112915,8477,0.4475119,,,,
838,10,60.22033691,8322,0.5997526,,,,
839,20,59.80377197,8334,0.7385996,,,,
840,30,59.27429199,8395,0.8660176,,,,
841,40,58.60595703,8676,1.1480843,,,,
842,50,58.6517334,8772,1.1890723,,,,
843,60,58.17565918,8936,1.2766804,,,,
844,70,59.12017822,8921,1.3126274,,,,
845,80,59.0637207,8773,1.4480928,,,,
846,90,59.99298096,8476,1.1425714,,,,
847,100,60.18066406,8315,0.8823811,,,,
848,110,59.80072021,8332,0.6788939,,,,
849,120,59.30786133,8403,0.5050771,,,,
850,130,58.64105225,8677,0.39659733,,,,
851,140,58.67614746,8772,0.33624193,,,,
852,150,58.203125,8924,0.2780124,,,,
853,160,59.11560059,8909,0.29003543,,,,
854,170,59.0423584,8763,0.34575078,,,,
855,180,59.96398926,8468,0.46376845,,,,
856,0,68.33648682,6025,5.8559604,,,,
857,10,68.52416992,5759,4.3480005,,,,
858,20,68.48602295,5699,3.6336918,,,,
859,30,69.24133301,5737,2.4547045,,,,
860,40,69.47021484,5839,1.8804775,,,,
861,50,69.31152344,6021,1.8645697,,,,
862,60,68.07250977,6202,1.7067028,,,,
863,70,69.2565918,6105,1.5939682,,,,
864,80,69.87915039,6078,2.120391,,,,
865,90,68.33190918,6023,2.776506,,,,
866,100,68.52264404,5737,3.5151758,,,,
867,110,68.47991943,5701,4.3100986,,,,
868,120,69.23675537,5723,5.1663675,,,,
869,130,69.46258545,5828,6.0119286,,,,
870,140,69.34051514,6032,7.926042,,,,
871,150,68.01757813,6209,8.956162,,,,
872,160,69.18182373,6125,8.987682,,,,
873,170,69.83184814,6095,7.5835686,,,,
874,180,68.33953857,6001,5.8932753,,,,
875,0,63.05084229,5668,4.830494,,,,
876,10,62.66021729,5561,3.6675122,,,,
877,20,63.18206787,5402,1.810019,,,,
878,30,64.43634033,5409,1.3895488,,,,
879,40,64.25628662,5688,1.1449704,,,,
880,50,63.77105713,5803,0.9114538,,,,
881,60,63.82446289,5954,0.87632537,,,,
882,70,63.43383789,6019,0.9227612,,,,
883,80,62.78839111,5831,1.1129268,,,,
884,90,63.04168701,5667,1.2648934,,,,
885,100,62.70751953,5550,1.314453,,,,
886,110,63.27972412,5400,1.89216,,,,
887,120,64.57519531,5400,4.088463,,,,
888,130,64.39666748,5680,4.627475,,,,
889,140,63.8092041,5797,5.8592315,,,,
890,150,63.8168335,5941,7.25844,,,,
891,160,63.43231201,6022,6.796175,,,,
892,170,62.7822876,5823,6.1524763,,,,
893,180,63.02032471,5669,4.610155,,,,
894,0,68.28613281,8141,4.469404,,,,
895,10,68.42041016,8133,3.8550858,,,,
896,20,68.32275391,8098,3.022782,,,,
897,30,68.39904785,7929,2.074878,,,,
898,40,69.19555664,7468,1.6218466,,,,
899,50,69.34967041,7386,0.82321835,,,,
900,60,69.0612793,7765,0.6702128,,,,
901,70,67.74902344,8064,0.4776709,,,,
902,80,67.54608154,8176,0.36629528,,,,
903,90,68.2800293,8149,0.2515575,,,,
904,100,68.409729,8130,0.54610586,,,,
905,110,68.30444336,8086,0.615122,,,,
906,120,68.39599609,7927,0.76598054,,,,
907,130,69.19555664,7463,1.1525486,,,,
908,140,69.38476563,7395,2.380442,,,,
909,150,69.06433105,7788,3.524252,,,,
910,160,67.72613525,8040,3.6599631,,,,
911,170,67.43774414,8191,3.8667946,,,,
912,180,68.22814941,8147,4.4078555,,,,
913,0,52.45361328,5454,2.9666705,,,,
914,10,51.19171143,5574,2.437964,,,,
915,20,51.91345215,5552,2.587119,,,,
916,30,52.71606445,5460,2.0648031,,,,
917,40,52.94647217,5421,2.0050013,,,,
918,50,53.36761475,5313,1.4464247,,,,
919,60,53.32183838,5422,0.80813015,,,,
920,70,53.75366211,5380,0.6598501,,,,
921,80,53.00140381,5451,0.48402923,,,,
922,90,52.51312256,5463,0.51065844,,,,
923,100,51.08795166,5577,0.50196147,,,,
924,110,51.95617676,5571,0.46351147,,,,
925,120,52.73590088,5457,0.49517137,,,,
926,130,52.94647217,5415,0.7920034,,,,
927,140,53.3782959,5323,1.0901537,,,,
928,150,53.34472656,5417,2.0386016,,,,
929,160,53.75671387,5393,2.0746715,,,,
930,170,52.94036865,5470,2.3910828,,,,
931,180,52.4520874,5540,2.9985945,,,,
932,0,65.42205811,4391,6.8681736,,,,
933,10,65.80505371,4424,5.651129,,,,
934,20,65.25421143,4330,5.2111764,,,,
935,30,64.95666504,4316,5.1940565,,,,
936,40,65.47546387,4354,5.0860972,,,,
937,50,67.01812744,4353,3.51511,,,,
938,60,66.48101807,4342,1.9452482,,,,
939,70,66.33605957,4340,1.8716818,,,,
940,80,65.86303711,4327,1.518647,,,,
941,90,65.37628174,4396,1.6807077,,,,
942,100,65.78826904,4446,2.5055172,,,,
943,110,65.23895264,4334,2.460376,,,,
944,120,64.94445801,4310,2.779867,,,,
945,130,65.52429199,4348,3.0029123,,,,
946,140,67.10662842,4318,3.7557635,,,,
947,150,66.4642334,4347,3.8771262,,,,
948,160,66.27655029,4358,4.2634454,,,,
949,170,65.74249268,4336,5.7833514,,,,
950,180,65.16571045,4409,6.6296144,,,,
951,0,72.13134766,5188,15.338714,,,,
952,10,72.03674316,5033,13.837314,,,,
953,20,71.71783447,4877,11.495334,,,,
954,30,71.17919922,4981,6.6796956,,,,
955,40,71.64459229,4895,6.2192607,,,,
956,50,72.10540771,4815,3.8612816,,,,
957,60,71.40655518,4964,3.8421907,,,,
958,70,70.77484131,5198,2.7928996,,,,
959,80,70.30792236,5290,2.681256,,,,
960,90,72.15423584,5194,3.0622652,,,,
961,100,72.05505371,5020,2.8293023,,,,
962,110,71.78955078,4879,3.1093752,,,,
963,120,71.19598389,4972,3.4623253,,,,
964,130,71.64154053,4901,6.269359,,,,
965,140,72.1282959,4820,11.231478,,,,
966,150,71.35467529,4967,13.121847,,,,
967,160,70.67260742,5181,14.711378,,,,
968,170,70.20111084,5305,15.34235,,,,
969,180,72.27478027,5196,15.191463,,,,
970,0,67.69866943,6815,2.6560454,,,,
971,10,68.09844971,7423,4.0091653,,,,
972,20,67.81463623,7693,4.6513143,,,,
973,30,67.42095947,7879,5.439039,,,,
974,40,67.22412109,8002,6.239931,,,,
975,50,67.65136719,7723,5.824492,,,,
976,60,67.25006104,7719,4.1692996,,,,
977,70,66.91894531,7455,2.7797916,,,,
978,80,67.50793457,7077,2.3009653,,,,
979,90,67.69104004,6824,0.9747611,,,,
980,100,68.08776855,7416,0.7386102,,,,
981,110,67.79327393,7693,0.5161766,,,,
982,120,67.42706299,7874,0.4500348,,,,
983,130,67.20123291,8004,0.46477118,,,,
984,140,67.62084961,7721,0.57561,,,,
985,150,67.2454834,7699,0.6617721,,,,
986,160,66.90979004,7465,0.97249645,,,,
987,170,67.48504639,7079,1.3635179,,,,
988,180,67.69104004,6832,2.607735,,,,
989,0,66.37115479,6694,1.3574704,,,,
990,10,66.07666016,7159,0.88403636,,,,
991,20,66.31317139,7490,0.2585564,,,,
992,30,64.84222412,7775,0.2189169,,,,
993,40,65.22064209,7829,0.21954815,,,,
994,50,64.84527588,7946,0.25146553,,,,
995,60,64.65454102,7768,0.46425542,,,,
996,70,64.66674805,7551,0.7490836,,,,
997,80,65.4876709,7105,1.1398038,,,,
998,90,66.32080078,6715,1.8825243,,,,
999,100,66.07818604,7172,2.9407115,,,,
1000,110,66.22924805,7494,3.4459217,,,,
1001,120,64.83001709,7756,3.9885385,,,,
1002,130,65.24658203,7857,3.9278293,,,,
1003,140,64.7644043,7965,3.5941,,,,
1004,150,64.72473145,7751,3.0784328,,,,
1005,160,64.61334229,7568,2.5047843,,,,
1006,170,65.44036865,7120,1.7971022,,,,
1007,180,66.31011963,6727,1.3346347,,,,
1008,0,64.01977539,8408,3.1194494,,,,
1009,10,64.85595703,8474,2.9998755,,,,
1010,20,65.85083008,8288,2.529748,,,,
1011,30,66.05072021,8196,2.0272646,,,,
1012,40,65.43121338,7817,1.1556643,,,,
1013,50,64.48059082,7791,0.751652,,,,
1014,60,63.5345459,8263,0.44183597,,,,
1015,70,63.85498047,8552,0.33061233,,,,
1016,80,63.8961792,8653,0.30320194,,,,
1017,90,64.02893066,8424,0.29845887,,,,
1018,100,64.86206055,8462,0.43266362,,,,
1019,110,65.86608887,8283,0.5734572,,,,
1020,120,66.0736084,8197,0.7517741,,,,
1021,130,65.36560059,7818,0.9380518,,,,
1022,140,64.43634033,7795,1.2574441,,,,
1023,150,63.47808838,8260,2.0911038,,,,
1024,160,63.79394531,8559,2.322461,,,,
1025,170,63.88397217,8680,2.6907706,,,,
1026,180,64.1418457,8368,3.080554,,,,
1027,0,59.85565186,5832,5.376714,,,,
1028,10,60.29815674,5791,5.2044225,,,,
1029,20,59.61303711,5711,4.7305565,,,,
1030,30,58.35418701,5541,2.389248,,,,
1031,40,59.25292969,5285,2.1534114,,,,
1032,50,60.54229736,5300,2.156102,,,,
1033,60,60.28289795,5493,1.8809762,,,,
1034,70,60.82305908,5503,1.8265105,,,,
1035,80,60.1852417,5595,1.2390803,,,,
1036,90,59.83428955,5828,0.92041874,,,,
1037,100,60.25238037,5788,0.91821903,,,,
1038,110,59.5413208,5715,0.7998333,,,,
1039,120,58.32366943,5541,0.72088224,,,,
1040,130,59.29107666,5294,1.2930616,,,,
1041,140,60.57281494,5290,2.2594671,,,,
1042,150,60.26000977,5479,3.5463004,,,,
1043,160,60.82305908,5508,4.045344,,,,
1044,170,60.3012085,5576,4.3876424,,,,
1045,180,59.97467041,5809,5.488335,,,,
1046,0,80.93414307,5641,10.001532,,,,
1047,10,81.21795654,5602,9.440414,,,,
1048,20,80.69610596,5501,8.797184,,,,
1049,30,80.07507324,5677,8.083701,,,,
1050,40,79.74700928,5732,6.981008,,,,
1051,50,79.29992676,5947,5.6968594,,,,
1052,60,80.027771,5974,5.564511,,,,
1053,70,80.7220459,5896,5.9545755,,,,
1054,80,81.14013672,5808,5.7890396,,,,
1055,90,80.96008301,5629,5.8081775,,,,
1056,100,81.17523193,5617,5.4829283,,,,
1057,110,80.72357178,5494,5.4250636,,,,
1058,120,80.04760742,5678,5.6454697,,,,
1059,130,79.78515625,5724,5.5177293,,,,
1060,140,79.25415039,5945,5.729022,,,,
1061,150,79.97131348,6003,7.617444,,,,
1062,160,80.67932129,5912,8.532126,,,,
1063,170,81.15844727,5814,9.208848,,,,
1064,180,80.9463501,5621,10.035953,,,,
1065,0,73.81286621,7324,4.724916,,,,
1066,10,74.04174805,7349,4.5356793,,,,
1067,20,73.8861084,7352,4.5078607,,,,
1068,30,73.33221436,7414,3.9856458,,,,
1069,40,72.96905518,7389,3.6466086,,,,
1070,50,73.14605713,7286,3.338316,,,,
1071,60,73.71063232,7121,3.086411,,,,
1072,70,74.10583496,7064,3.1078818,,,,
1073,80,73.7197876,7250,2.8689432,,,,
1074,90,73.82202148,7330,2.7171915,,,,
1075,100,74.04327393,7377,2.5515597,,,,
1076,110,73.85406494,7352,2.4560213,,,,
1077,120,73.28948975,7434,2.5150187,,,,
1078,130,72.9598999,7390,2.588048,,,,
1079,140,73.09570313,7297,2.6153862,,,,
1080,150,73.67858887,7125,3.402319,,,,
1081,160,74.10125732,7058,3.965193,,,,
1082,170,73.76861572,7248,4.580629,,,,
1083,180,73.78387451,7352,4.6842604,,,,
1084,0,64.9017334,8262,0.8571059,,,,
1085,10,64.88800049,8136,1.0694466,,,,
1086,20,64.79034424,7957,1.1276556,,,,
1087,30,65.93170166,7806,1.3905456,,,,
1088,40,65.64331055,8006,1.8316163,,,,
1089,50,65.50598145,8213,2.0200233,,,,
1090,60,65.21606445,8335,2.1631556,,,,
1091,70,65.0390625,8431,2.1981006,,,,
1092,80,64.54162598,8454,2.2864623,,,,
1093,90,64.94445801,8276,2.4309616,,,,
1094,100,64.8651123,8151,2.133446,,,,
1095,110,64.74761963,7953,1.7492415,,,,
1096,120,65.91033936,7833,1.4406317,,,,
1097,130,65.64941406,8007,0.90363884,,,,
1098,140,65.45562744,8225,0.8484541,,,,
1099,150,65.18096924,8352,0.8001846,,,,
1100,160,65.01159668,8439,0.81803405,,,,
1101,170,64.55993652,8459,0.8641659,,,,
1102,180,64.95361328,8282,0.9568104,,,,
1103,0,69.26116943,8088,2.5492146,,,,
1104,10,69.02923584,8390,2.4866097,,,,
1105,20,68.56536865,8636,2.408049,,,,
1106,30,68.45550537,8460,2.6631548,,,,
1107,40,68.81866455,8537,2.6348155,,,,
1108,50,69.47479248,8298,2.6363559,,,,
1109,60,69.69146729,8196,2.2084677,,,,
1110,70,69.71893311,8027,1.906697,,,,
1111,80,69.27947998,8076,1.5738343,,,,
1112,90,69.25506592,8095,1.5230249,,,,
1113,100,68.98956299,8395,1.3790264,,,,
1114,110,68.58520508,8612,1.2639947,,,,
1115,120,68.46160889,8466,1.2347726,,,,
1116,130,68.79272461,8527,1.2281293,,,,
1117,140,69.52972412,8281,1.4421176,,,,
1118,150,69.71130371,8173,1.6780913,,,,
1119,160,69.75402832,8029,1.9016442,,,,
1120,170,69.33441162,8080,2.303009,,,,
1121,180,69.25354004,8046,2.5713856,,,,
1122,0,65.78369141,8305,1.4776284,,,,
1123,10,66.0446167,8528,1.5780576,,,,
1124,20,65.42663574,8644,1.5341697,,,,
1125,30,65.8203125,8546,1.6188585,,,,
1126,40,66.55731201,8560,1.6940949,,,,
1127,50,66.83959961,8538,1.8023703,,,,
1128,60,66.31622314,8347,1.6128342,,,,
1129,70,65.88745117,8278,1.1196213,,,,
1130,80,65.87524414,8322,1.0722196,,,,
1131,90,65.78521729,8300,1.0416199,,,,
1132,100,66.07055664,8534,0.8449246,,,,
1133,110,65.38696289,8647,0.7164291,,,,
1134,120,65.78674316,8558,0.76819825,,,,
1135,130,66.58630371,8578,0.8930224,,,,
1136,140,66.87774658,8538,0.9467532,,,,
1137,150,66.3192749,8344,0.96196514,,,,
1138,160,65.88287354,8280,1.0992544,,,,
1139,170,65.89660645,8349,1.2474341,,,,
1140,180,65.79589844,8284,1.4940549,,,,
1141,0,60.10131836,8491,0.67278534,,,,
1142,10,60.25390625,8326,0.6622529,,,,
1143,20,60.07843018,8411,0.7610769,,,,
1144,30,60.77575684,8588,0.95840776,,,,
1145,40,60.62774658,8913,1.0529232,,,,
1146,50,60.25848389,9029,1.1064763,,,,
1147,60,60.16235352,8977,1.1663285,,,,
1148,70,60.20812988,8955,1.1166176,,,,
1149,80,60.32867432,8829,1.1054446,,,,
1150,90,60.05859375,8485,1.0332004,,,,
1151,100,60.25085449,8331,0.8484998,,,,
1152,110,60.05401611,8399,0.62998307,,,,
1153,120,60.73150635,8596,0.5147144,,,,
1154,130,60.65063477,8905,0.44561943,,,,
1155,140,60.28900146,9029,0.33713466,,,,
1156,150,60.21118164,8964,0.31215924,,,,
1157,160,60.19287109,8961,0.34153938,,,,
1158,170,60.33172607,8832,0.5723191,,,,
1159,180,60.01586914,8476,0.63538367,,,,
1160,0,66.54968262,5885,6.5162354,,,,
1161,10,66.51153564,5862,4.75166,,,,
1162,20,66.64733887,5730,4.262994,,,,
1163,30,67.0501709,5762,3.8071127,,,,
1164,40,67.92144775,5816,2.7775557,,,,
1165,50,68.19763184,5840,2.3016286,,,,
1166,60,67.59643555,6075,2.3415666,,,,
1167,70,67.55371094,6055,2.0390303,,,,
1168,80,67.60101318,6006,1.9689009,,,,
1169,90,66.54815674,5883,2.0647585,,,,
1170,100,66.48712158,5858,2.0663824,,,,
1171,110,66.65039063,5724,3.1428888,,,,
1172,120,67.11883545,5778,3.839027,,,,
1173,130,67.88635254,5838,4.5261426,,,,
1174,140,68.1854248,5823,6.127232,,,,
1175,150,67.58880615,6076,6.148938,,,,
1176,160,67.5567627,6077,6.0611753,,,,
1177,170,67.61627197,6034,6.0163245,,,,
1178,180,66.57867432,5880,6.4825783,,,,
1179,0,61.4074707,5664,5.4313807,,,,
1180,10,62.55187988,5432,4.615014,,,,
1181,20,64.05334473,5318,3.9906068,,,,
1182,30,64.16015625,5312,2.9203715,,,,
1183,40,62.94250488,5588,2.557634,,,,
1184,50,62.69989014,5669,2.0773532,,,,
1185,60,61.67144775,5764,1.8011665,,,,
1186,70,60.68878174,5863,1.5076743,,,,
1187,80,61.29760742,5850,1.5182966,,,,
1188,90,61.38000488,5677,1.856993,,,,
1189,100,62.57781982,5437,2.9340975,,,,
1190,110,64.04571533,5316,3.6654434,,,,
1191,120,64.16473389,5291,3.8705356,,,,
1192,130,62.87384033,5596,5.7716947,,,,
1193,140,62.64648438,5677,6.4121866,,,,
1194,150,61.76147461,5802,6.4489546,,,,
1195,160,60.73455811,5851,6.2185516,,,,
1196,170,61.3571167,5851,5.577271,,,,
1197,180,61.37237549,5700,5.3032866,,,,
1198,0,67.53540039,8035,5.3392005,,,,
1199,10,66.69921875,8106,4.1012425,,,,
1200,20,66.18347168,8144,3.358832,,,,
1201,30,66.5145874,7983,2.230121,,,,
1202,40,66.58477783,7462,1.4389095,,,,
1203,50,65.74249268,7479,0.77444094,,,,
1204,60,65.80657959,7918,0.595991,,,,
1205,70,66.51000977,8063,0.50802785,,,,
1206,80,66.99371338,8178,0.44973603,,,,
1207,90,67.55828857,8031,0.45218426,,,,
1208,100,66.71295166,8101,0.42569014,,,,
1209,110,66.25518799,8143,0.5050012,,,,
1210,120,66.54510498,7974,0.7483576,,,,
1211,130,66.65039063,7459,0.9293991,,,,
1212,140,65.78979492,7502,1.6408745,,,,
1213,150,65.85845947,7918,2.3874295,,,,
1214,160,66.4855957,8056,3.1016762,,,,
1215,170,67.03186035,8173,3.7143447,,,,
1216,180,67.48809814,8040,5.3277225,,,,
1217,0,56.56433105,5157,2.8785446,,,,
1218,10,56.32324219,5363,2.2858102,,,,
1219,20,56.29730225,5295,1.6629928,,,,
1220,30,56.1340332,5236,1.972173,,,,
1221,40,56.85577393,5109,1.6865755,,,,
1222,50,57.48291016,5096,1.5329733,,,,
1223,60,57.5881958,5089,1.174949,,,,
1224,70,57.2265625,5045,1.0257658,,,,
1225,80,56.73370361,5172,0.9635923,,,,
1226,90,56.55975342,5156,0.7605934,,,,
1227,100,56.35528564,5367,0.6992951,,,,
1228,110,56.19354248,5294,0.6512522,,,,
1229,120,56.07299805,5237,0.68858117,,,,
1230,130,56.78100586,5134,0.77575046,,,,
1231,140,57.48138428,5110,0.8608171,,,,
1232,150,57.49816895,5109,0.7912231,,,,
1233,160,57.23571777,5055,0.94410604,,,,
1234,170,56.68640137,5176,1.1656029,,,,
1235,180,56.52008057,5186,2.7071877,,,,
1236,0,67.25158691,4385,13.394376,,,,
1237,10,67.95501709,4426,11.370105,,,,
1238,20,67.52166748,4301,9.001602,,,,
1239,30,67.70324707,4282,8.391927,,,,
1240,40,67.77801514,4288,7.1062393,,,,
1241,50,67.75665283,4380,5.7264953,,,,
1242,60,67.42858887,4433,5.209274,,,,
1243,70,67.92449951,4429,4.5739923,,,,
1244,80,66.6229248,4501,4.4564533,,,,
1245,90,67.22412109,4385,4.4362764,,,,
1246,100,67.89855957,4435,4.2367625,,,,
1247,110,67.50640869,4316,4.579982,,,,
1248,120,67.61627197,4282,6.237035,,,,
1249,130,67.66662598,4300,6.7641463,,,,
1250,140,67.75512695,4356,8.308752,,,,
1251,150,67.39349365,4435,9.421602,,,,
1252,160,67.87109375,4452,10.523329,,,,
1253,170,66.69311523,4523,11.99049,,,,
1254,180,67.37060547,4361,13.300813,,,,
1255,0,69.26574707,5138,10.877473,,,,
1256,10,68.0480957,5118,8.917274,,,,
1257,20,68.85375977,4812,8.221602,,,,
1258,30,70.07904053,4595,8.140105,,,,
1259,40,70.13092041,4700,8.294282,,,,
1260,50,69.72503662,4863,5.3860497,,,,
1261,60,69.37103271,4988,4.1512175,,,,
1262,70,69.86694336,5148,2.4693096,,,,
1263,80,69.58007813,5180,2.4965398,,,,
1264,90,69.23522949,5135,3.1005733,,,,
1265,100,68.06182861,5123,3.1139123,,,,
1266,110,68.90563965,4807,3.9830287,,,,
1267,120,70.05462646,4595,6.1535616,,,,
1268,130,70.06072998,4713,8.822759,,,,
1269,140,69.59228516,4882,9.407248,,,,
1270,150,69.41833496,5007,9.389612,,,,
1271,160,69.88067627,5151,12.841496,,,,
1272,170,69.57092285,5180,11.995752,,,,
1273,180,69.30236816,5121,10.830862,,,,
1274,0,70.78552246,6637,2.6394706,,,,
1275,10,71.20513916,7053,3.0093288,,,,
1276,20,71.21124268,7379,4.261038,,,,
1277,30,70.94268799,7488,4.86958,,,,
1278,40,70.96252441,7619,5.339487,,,,
1279,50,72.31903076,7283,6.3196454,,,,
1280,60,72.55401611,6974,5.3401957,,,,
1281,70,71.30126953,6833,3.6646779,,,,
1282,80,70.76873779,6782,2.7983582,,,,
1283,90,70.88165283,6643,2.0654292,,,,
1284,100,71.19903564,7054,1.3924644,,,,
1285,110,71.19293213,7371,1.2622738,,,,
1286,120,70.9274292,7506,1.2619569,,,,
1287,130,70.94268799,7617,1.1604421,,,,
1288,140,72.315979,7283,1.1975226,,,,
1289,150,72.57995605,6982,1.3771212,,,,
1290,160,71.29821777,6843,1.6503297,,,,
1291,170,70.75042725,6778,1.7892241,,,,
1292,180,70.80535889,6648,2.630873,,,,
1293,0,67.20733643,6843,0.9395162,,,,
1294,10,67.09899902,7229,0.60751086,,,,
1295,20,67.34619141,7669,0.5248753,,,,
1296,30,67.09594727,8027,0.46009064,,,,
1297,40,67.65441895,7952,0.421579,,,,
1298,50,67.27905273,7883,0.42066818,,,,
1299,60,67.45147705,7474,0.5094492,,,,
1300,70,67.44537354,7180,1.2340994,,,,
1301,80,67.40875244,7030,2.2124674,,,,
1302,90,67.25158691,6836,2.593242,,,,
1303,100,67.07763672,7222,2.841294,,,,
1304,110,67.27142334,7678,3.5016267,,,,
1305,120,67.11425781,8017,4.0581207,,,,
1306,130,67.5994873,7974,3.8430264,,,,
1307,140,67.22564697,7909,2.511464,,,,
1308,150,67.32635498,7475,2.0992334,,,,
1309,160,67.36450195,7195,1.828942,,,,
1310,170,67.37365723,7040,1.5648161,,,,
1311,180,67.24243164,6843,1.0583497,,,,
1312,0,65.08636475,8472,3.5461514,,,,
1313,10,64.66674805,8456,3.0981343,,,,
1314,20,64.96734619,8125,2.2681756,,,,
1315,30,65.88745117,7912,2.0894177,,,,
1316,40,66.57867432,7315,1.4314492,,,,
1317,50,66.83044434,7297,1.1375682,,,,
1318,60,67.04559326,7743,0.66785973,,,,
1319,70,66.54205322,8016,0.3551486,,,,
1320,80,65.82794189,8327,0.2213287,,,,
1321,90,65.11993408,8473,0.21478929,,,,
1322,100,64.68200684,8458,0.22814223,,,,
1323,110,64.96582031,8137,0.5135374,,,,
1324,120,65.86761475,7924,0.77747685,,,,
1325,130,66.55731201,7322,1.4772964,,,,
1326,140,66.81671143,7298,2.7746508,,,,
1327,150,67.0135498,7733,3.0530467,,,,
1328,160,66.3848877,8024,3.1777737,,,,
1329,170,65.81573486,8342,3.2770445,,,,
1330,180,65.0680542,8441,3.5246997,,,,
1331,0,56.56280518,5881,4.0149384,,,,
1332,10,58.07952881,5747,4.7225294,,,,
1333,20,59.1583252,5546,4.8978086,,,,
1334,30,60.68267822,5206,5.029111,,,,
1335,40,60.76202393,4874,4.8639503,,,,
1336,50,59.24987793,4982,2.9043338,,,,
1337,60,58.11157227,5304,0.9870488,,,,
1338,70,57.40509033,5665,0.8293658,,,,
1339,80,56.77490234,5859,0.7584605,,,,
1340,90,56.58874512,5891,0.71363074,,,,
1341,100,58.10852051,5759,0.64726615,,,,
1342,110,59.20562744,5570,0.8796427,,,,
1343,120,60.62011719,5213,1.1918021,,,,
1344,130,60.71929932,4875,1.361993,,,,
1345,140,59.22546387,4977,1.518286,,,,
1346,150,58.14666748,5303,2.6492305,,,,
1347,160,57.45239258,5672,2.8117824,,,,
1348,170,56.73370361,5860,3.3934548,,,,
1349,180,56.61010742,5856,4.033091,,,,
1350,0,79.48455811,6210,10.154702,,,,
1351,10,79.48913574,6214,8.710767,,,,
1352,20,79.75006104,5993,8.116564,,,,
1353,30,79.93927002,5915,6.619418,,,,
1354,40,80.15289307,5869,5.67596,,,,
1355,50,80.17425537,5998,5.5214205,,,,
1356,60,80.60760498,6051,5.6627717,,,,
1357,70,80.44433594,6134,4.3353777,,,,
1358,80,79.8034668,6191,4.118491,,,,
1359,90,79.48150635,6204,4.4421926,,,,
1360,100,79.50134277,6214,4.6759987,,,,
1361,110,79.7454834,5983,5.6294436,,,,
1362,120,80.00183105,5902,6.896003,,,,
1363,130,80.17578125,5886,7.8410416,,,,
1364,140,80.19866943,5988,8.069789,,,,
1365,150,80.65795898,6030,9.688156,,,,
1366,160,80.44128418,6142,10.752789,,,,
1367,170,79.79736328,6231,10.656007,,,,
1368,180,79.40216064,6205,10.095006,,,,
1369,0,72.35107422,7310,4.617318,,,,
1370,10,72.27172852,7360,4.656817,,,,
1371,20,72.07336426,7457,4.499137,,,,
1372,30,72.27172852,7485,4.030885,,,,
1373,40,73.03466797,7028,3.8039098,,,,
1374,50,72.73101807,7056,3.2838504,,,,
1375,60,72.70050049,7075,3.0771525,,,,
1376,70,72.215271,7090,2.4523487,,,,
1377,80,72.36328125,7256,2.2751715,,,,
1378,90,72.34649658,7331,2.617595,,,,
1379,100,72.28240967,7350,2.4793189,,,,
1380,110,72.00927734,7455,2.3290827,,,,
1381,120,72.23205566,7467,2.516037,,,,
1382,130,73.03771973,7020,2.7393212,,,,
1383,140,72.70355225,7062,2.9947596,,,,
1384,150,72.61505127,7097,3.629815,,,,
1385,160,72.15423584,7090,3.9783256,,,,
1386,170,72.35717773,7244,4.2613482,,,,
1387,180,72.34191895,7351,4.6495476,,,,
1388,0,67.84210205,7935,1.7999449,,,,
1389,10,67.4621582,7837,1.7622765,,,,
1390,20,68.00231934,7571,1.9081808,,,,
1391,30,67.74139404,7551,2.1306574,,,,
1392,40,67.67578125,7454,2.2482662,,,,
1393,50,68.16253662,7516,2.3195426,,,,
1394,60,68.52416992,7611,2.7570662,,,,
1395,70,69.0322876,7756,3.101017,,,,
1396,80,68.23730469,7940,3.1173005,,,,
1397,90,67.8237915,7931,3.1620123,,,,
1398,100,67.46520996,7862,2.4810088,,,,
1399,110,68.04351807,7575,2.30193,,,,
1400,120,67.70019531,7548,2.102152,,,,
1401,130,67.71697998,7468,1.7400078,,,,
1402,140,68.15795898,7504,1.5522192,,,,
1403,150,68.50128174,7618,1.4671013,,,,
1404,160,69.03076172,7765,1.3481891,,,,
1405,170,68.25714111,7941,1.424325,,,,
1406,180,67.82073975,7915,1.7952423,,,,
1407,0,68.49517822,8438,2.172215,,,,
1408,10,68.81713867,8724,2.2108283,,,,
1409,20,69.03686523,8726,2.3554087,,,,
1410,30,69.10858154,8762,2.440517,,,,
1411,40,68.97125244,8592,2.5135002,,,,
1412,50,69.41070557,8510,2.4816263,,,,
1413,60,69.27642822,8557,2.2824702,,,,
1414,70,68.9743042,8529,1.887537,,,,
1415,80,68.35174561,8568,1.5594691,,,,
1416,90,68.49975586,8464,1.5072353,,,,
1417,100,68.88427734,8707,1.083705,,,,
1418,110,69.03686523,8725,0.9299827,,,,
1419,120,69.04602051,8774,1.0188107,,,,
1420,130,69.02313232,8600,0.92952204,,,,
1421,140,69.37103271,8537,1.1869444,,,,
1422,150,69.27490234,8574,1.2918537,,,,
1423,160,68.94989014,8552,1.4101214,,,,
1424,170,68.37921143,8579,1.5841876,,,,
1425,180,68.48754883,8459,2.1663694,,,,
1426,0,65.36254883,8657,1.5106704,,,,
1427,10,65.53192139,8916,1.5429764,,,,
1428,20,66.34979248,8970,1.7143999,,,,
1429,30,66.89147949,8875,1.7005345,,,,
1430,40,66.97387695,8778,1.8952179,,,,
1431,50,66.50238037,8719,1.5898757,,,,
1432,60,66.13769531,8667,1.4621097,,,,
1433,70,65.49682617,8648,1.3817337,,,,
1434,80,65.46936035,8564,1.267692,,,,
1435,90,65.30151367,8687,1.2268591,,,,
1436,100,65.4586792,8928,1.1469485,,,,
1437,110,66.29638672,8984,1.1284281,,,,
1438,120,66.80145264,8901,1.1648778,,,,
1439,130,66.95251465,8775,1.3448029,,,,
1440,140,66.53289795,8707,1.2928022,,,,
1441,150,66.09344482,8673,1.2179402,,,,
1442,160,65.5090332,8658,1.1719168,,,,
1443,170,65.41137695,8577,1.2373692,,,,
1444,180,65.3503418,8692,1.5072699,,,,
1445,0,59.59014893,8341,0.5798392,,,,
1446,10,59.70611572,8122,0.64328283,,,,
1447,20,59.3170166,8113,0.72514284,,,,
1448,30,60.43243408,8169,0.86825687,,,,
1449,40,60.99853516,8521,1.1853617,,,,
1450,50,59.85412598,8812,1.1757832,,,,
1451,60,58.77227783,9007,0.9756164,,,,
1452,70,58.55407715,8830,0.9068875,,,,
1453,80,59.45281982,8520,0.7879778,,,,
1454,90,59.61456299,8346,0.8057817,,,,
1455,100,59.66644287,8134,0.6708548,,,,
1456,110,59.28192139,8122,0.58765435,,,,
1457,120,60.44006348,8168,0.50313044,,,,
1458,130,60.92987061,8533,0.47458607,,,,
1459,140,59.80224609,8824,0.3422864,,,,
1460,150,58.7310791,9007,0.3489071,,,,
1461,160,58.53271484,8827,0.39008883,,,,
1462,170,59.38720703,8545,0.42145523,,,,
1463,180,59.55657959,8332,0.56544197,,,,
1464,0,65.71655273,6299,3.4722238,,,,
1465,10,65.08636475,6206,3.2864292,,,,
1466,20,65.72113037,5980,3.2045538,,,,
1467,30,66.89910889,5896,2.8569064,,,,
1468,40,67.71392822,5833,2.8124855,,,,
1469,50,67.14172363,6005,2.0495548,,,,
1470,60,66.24450684,6254,1.6142296,,,,
1471,70,66.07208252,6381,1.4271774,,,,
1472,80,65.82336426,6421,1.495825,,,,
1473,90,65.73486328,6287,1.533908,,,,
1474,100,65.0680542,6209,1.5686861,,,,
1475,110,65.66162109,5984,1.8183151,,,,
1476,120,66.88690186,5922,3.4645169,,,,
1477,130,67.70629883,5832,4.043661,,,,
1478,140,67.11425781,6028,4.130759,,,,
1479,150,66.24755859,6247,3.9526758,,,,
1480,160,66.06903076,6352,3.88826,,,,
1481,170,65.80505371,6411,3.4877317,,,,
1482,180,65.75469971,6317,3.5146031,,,,
1483,0,62.9196167,5693,8.50793,,,,
1484,10,63.7588501,5448,7.937855,,,,
1485,20,64.03045654,5259,7.602757,,,,
1486,30,64.32495117,5335,6.487673,,,,
1487,40,63.50250244,5581,5.3776145,,,,
1488,50,62.85705566,5686,2.6423714,,,,
1489,60,62.60070801,5911,1.6480136,,,,
1490,70,63.04016113,5789,1.3894234,,,,
1491,80,63.31634521,5761,1.4933499,,,,
1492,90,62.90588379,5710,1.820179,,,,
1493,100,63.65661621,5454,1.9770039,,,,
1494,110,63.99536133,5272,3.2256186,,,,
1495,120,64.28985596,5342,5.013138,,,,
1496,130,63.5848999,5578,5.7169657,,,,
1497,140,62.7822876,5705,6.3120174,,,,
1498,150,62.48931885,5937,7.06323,,,,
1499,160,62.95928955,5831,8.12149,,,,
1500,170,63.28125,5774,8.41985,,,,
1501,180,62.9486084,5699,8.372927,,,,
1502,0,69.02160645,7841,4.748737,,,,
1503,10,69.29931641,7841,4.022027,,,,
1504,20,68.87817383,7786,2.9841936,,,,
1505,30,68.62030029,7501,2.665725,,,,
1506,40,68.74389648,7091,2.0908346,,,,
1507,50,68.76831055,7071,1.8181758,,,,
1508,60,68.90411377,7457,1.0370504,,,,
1509,70,69.72198486,7562,0.913423,,,,
1510,80,68.78662109,7869,0.8307846,,,,
1511,90,69.04144287,7840,0.810234,,,,
1512,100,69.28710938,7839,0.7770696,,,,
1513,110,68.82324219,7788,0.90659875,,,,
1514,120,68.55316162,7508,1.1946658,,,,
1515,130,68.68743896,7098,1.5585476,,,,
1516,140,68.72558594,7103,2.6409416,,,,
1517,150,68.90563965,7449,3.2049077,,,,
1518,160,69.70672607,7551,3.8210514,,,,
1519,170,68.83544922,7846,4.264462,,,,
1520,180,69.03533936,7822,4.83684,,,,
1521,0,53.95965576,5177,3.0109398,,,,
1522,10,53.87420654,5349,2.7896757,,,,
1523,20,53.86199951,5364,2.7281454,,,,
1524,30,54.3548584,5173,2.6932938,,,,
1525,40,54.60205078,5037,2.4926147,,,,
1526,50,54.44030762,5017,2.0944166,,,,
1527,60,53.67584229,5044,2.019711,,,,
1528,70,53.92608643,5136,1.988269,,,,
1529,80,54.25720215,5155,0.860707,,,,
1530,90,53.93371582,5170,0.7166181,,,,
1531,100,53.77502441,5347,0.770386,,,,
1532,110,53.72924805,5365,0.72199905,,,,
1533,120,54.32434082,5181,0.7989339,,,,
1534,130,54.59289551,5036,0.8562198,,,,
1535,140,54.41589355,5026,0.96706116,,,,
1536,150,53.62243652,5048,1.1286117,,,,
1537,160,54.03137207,5147,1.9142797,,,,
1538,170,54.2175293,5151,2.7452269,,,,
1539,180,53.91693115,5211,3.1419466,,,,
1540,0,66.94488525,4337,8.741395,,,,
1541,10,65.9942627,4399,5.9085007,,,,
1542,20,67.06695557,4268,5.0759177,,,,
1543,30,67.22106934,4161,3.531362,,,,
1544,40,65.9362793,4220,2.881509,,,,
1545,50,65.30303955,4221,2.779152,,,,
1546,60,64.63623047,4331,2.1842217,,,,
1547,70,65.36102295,4406,2.070586,,,,
1548,80,66.28265381,4316,4.087658,,,,
1549,90,66.93115234,4348,4.402981,,,,
1550,100,65.92254639,4416,4.1204624,,,,
1551,110,66.99981689,4293,4.602186,,,,
1552,120,67.13562012,4185,4.410015,,,,
1553,130,65.88745117,4225,4.521161,,,,
1554,140,65.21606445,4252,4.7373676,,,,
1555,150,64.65911865,4308,5.576522,,,,
1556,160,65.3793335,4381,5.87679,,,,
1557,170,66.2322998,4315,7.9160347,,,,
1558,180,66.77246094,4352,8.467746,,,,
1559,0,69.82116699,5355,9.558588,,,,
1560,10,69.63043213,5236,8.56977,,,,
1561,20,70.1385498,4991,8.123436,,,,
1562,30,69.96154785,4881,7.7557197,,,,
1563,40,70.39642334,4822,6.9367447,,,,
1564,50,71.44470215,4884,5.746003,,,,
1565,60,71.52557373,5065,4.398624,,,,
1566,70,71.36688232,5270,2.8242545,,,,
1567,80,70.6817627,5329,2.0158625,,,,
1568,90,69.81811523,5363,1.7367595,,,,
1569,100,69.62890625,5234,1.9424156,,,,
1570,110,70.17211914,4999,2.368258,,,,
1571,120,69.93713379,4877,3.6141958,,,,
1572,130,70.33691406,4826,7.7288566,,,,
1573,140,71.31195068,4881,8.973726,,,,
1574,150,71.46453857,5098,8.8485365,,,,
1575,160,71.32110596,5262,10.216198,,,,
1576,170,70.70770264,5291,9.373332,,,,
1577,180,69.87609863,5367,9.32196,,,,
1578,0,67.50946045,6900,2.0953898,,,,
1579,10,68.21746826,7093,3.4115956,,,,
1580,20,67.8894043,7480,4.0036573,,,,
1581,30,68.60656738,7533,6.165527,,,,
1582,40,67.72766113,7879,6.454904,,,,
1583,50,67.20428467,7796,6.2963996,,,,
1584,60,66.83349609,7524,5.2776546,,,,
1585,70,66.2689209,7424,1.9850543,,,,
1586,80,66.3482666,7131,1.0675175,,,,
1587,90,67.51403809,6908,0.87254065,,,,
1588,100,68.24035645,7104,0.65777004,,,,
1589,110,67.88024902,7483,0.534671,,,,
1590,120,68.56384277,7538,0.55906606,,,,
1591,130,67.69104004,7880,0.5275463,,,,
1592,140,67.16461182,7795,0.6648048,,,,
1593,150,66.8258667,7510,0.71534014,,,,
1594,160,66.18041992,7424,0.95591366,,,,
1595,170,66.28875732,7150,1.1652669,,,,
1596,180,67.50488281,6917,2.009225,,,,
1597,0,68.24035645,6516,1.1818987,,,,
1598,10,69.3939209,6649,0.77763706,,,,
1599,20,69.480896,6822,0.5810725,,,,
1600,30,69.64263916,6891,0.3469086,,,,
1601,40,69.3939209,7052,0.3359844,,,,
1602,50,68.11065674,7203,0.2528803,,,,
1603,60,68.5256958,7131,0.43908986,,,,
1604,70,68.08013916,6959,0.95993304,,,,
1605,80,67.29888916,6832,1.8124218,,,,
1606,90,68.20831299,6514,2.3957458,,,,
1607,100,69.33746338,6659,3.7150095,,,,
1608,110,69.40460205,6856,3.9733186,,,,
1609,120,69.52209473,6961,4.5137954,,,,
1610,130,69.36035156,7069,4.951707,,,,
1611,140,68.01757813,7211,4.6408815,,,,
1612,150,68.44482422,7145,4.132438,,,,
1613,160,68.04962158,6963,2.5666218,,,,
1614,170,67.23632813,6833,1.4224758,,,,
1615,180,68.17474365,6538,1.1616433,,,,
1616,0,63.85650635,8531,2.7168505,,,,
1617,10,64.23034668,8409,2.4604032,,,,
1618,20,64.71557617,8211,2.1737204,,,,
1619,30,64.83764648,8155,2.0117514,,,,
1620,40,64.80407715,7638,1.5013932,,,,
1621,50,65.04974365,7642,1.1739947,,,,
1622,60,65.04516602,8131,0.7476156,,,,
1623,70,64.16625977,8360,0.50993407,,,,
1624,80,63.53912354,8587,0.3122082,,,,
1625,90,63.89312744,8527,0.26679385,,,,
1626,100,64.26086426,8413,0.3154367,,,,
1627,110,64.69421387,8225,0.473553,,,,
1628,120,64.82543945,8158,0.64929575,,,,
1629,130,64.83917236,7643,0.95722306,,,,
1630,140,65.08636475,7642,1.4952159,,,,
1631,150,65.04211426,8147,1.8377085,,,,
1632,160,64.20440674,8382,2.228739,,,,
1633,170,63.52996826,8627,2.4047062,,,,
1634,180,63.92669678,8531,2.6434803,,,,
1635,0,64.01977539,5418,6.7701693,,,,
1636,10,63.26904297,5542,7.6156144,,,,
1637,20,63.07678223,5427,7.4964542,,,,
1638,30,63.76495361,5287,7.3068476,,,,
1639,40,65.03143311,4950,6.1973686,,,,
1640,50,65.87219238,4739,4.935464,,,,
1641,60,65.69061279,4979,4.029255,,,,
1642,70,64.52026367,5239,3.1516957,,,,
1643,80,63.88092041,5363,1.6080707,,,,
1644,90,63.90380859,5430,1.8189684,,,,
1645,100,63.16070557,5562,1.5893061,,,,
1646,110,62.95318604,5434,1.7679973,,,,
1647,120,63.70391846,5293,1.9899328,,,,
1648,130,64.97955322,4979,3.731739,,,,
1649,140,65.80505371,4745,5.095797,,,,
1650,150,65.66314697,4990,5.4285293,,,,
1651,160,64.50958252,5238,5.491419,,,,
1652,170,63.89770508,5347,5.987378,,,,
1653,180,64.02893066,5428,6.872636,,,,
1654,0,80.81817627,5701,9.617786,,,,
1655,10,80.75408936,5698,9.523174,,,,
1656,20,80.909729,5549,9.188281,,,,
1657,30,80.88531494,5516,8.7108755,,,,
1658,40,81.23016357,5493,8.464849,,,,
1659,50,80.77850342,5665,7.804991,,,,
1660,60,80.54504395,5925,6.5675325,,,,
1661,70,80.14984131,6006,5.452336,,,,
1662,80,80.50537109,5936,5.65005,,,,
1663,90,80.85327148,5684,5.985734,,,,
1664,100,80.79376221,5684,5.5637174,,,,
1665,110,80.92498779,5552,5.89308,,,,
1666,120,80.86090088,5526,6.609193,,,,
1667,130,81.2210083,5493,7.6327868,,,,
1668,140,80.75714111,5688,7.951744,,,,
1669,150,80.5557251,5955,8.228395,,,,
1670,160,80.13305664,6019,8.663068,,,,
1671,170,80.52215576,5933,8.581936,,,,
1672,180,80.83648682,5686,9.732005,,,,
1673,0,73.35205078,7418,4.7638493,,,,
1674,10,73.09875488,7481,4.5472984,,,,
1675,20,73.23913574,7641,4.440479,,,,
1676,30,73.96392822,7303,4.5519032,,,,
1677,40,74.80773926,7094,4.0015597,,,,
1678,50,74.87792969,6965,3.6960213,,,,
1679,60,74.29199219,7013,3.564797,,,,
1680,70,73.82507324,6958,3.1795857,,,,
1681,80,72.99346924,7435,2.4191427,,,,
1682,90,73.33374023,7423,2.427823,,,,
1683,100,73.10943604,7476,2.2750251,,,,
1684,110,73.2635498,7645,2.608022,,,,
1685,120,73.93798828,7320,2.790309,,,,
1686,130,74.74060059,7119,3.2332172,,,,
1687,140,74.84741211,6992,3.5113318,,,,
1688,150,74.24926758,7027,3.581381,,,,
1689,160,73.78997803,6957,4.198401,,,,
1690,170,73.07434082,7422,4.340761,,,,
1691,180,73.31848145,7440,4.7466846,,,,
1692,0,66.456604,7977,1.2934872,,,,
1693,10,66.41235352,7992,1.2740873,,,,
1694,20,67.13562012,7638,1.598366,,,,
1695,30,67.43774414,7523,1.7310323,,,,
1696,40,66.8182373,7610,2.0293882,,,,
1697,50,66.456604,7656,2.24404,,,,
1698,60,66.67938232,7716,2.5812216,,,,
1699,70,67.0211792,7867,2.6347775,,,,
1700,80,66.38031006,7945,2.4546843,,,,
1701,90,66.4276123,7963,2.4675925,,,,
1702,100,66.40777588,7995,2.0964189,,,,
1703,110,67.02575684,7643,1.9305133,,,,
1704,120,67.34008789,7538,2.044757,,,,
1705,130,66.73583984,7617,1.7831278,,,,
1706,140,66.41540527,7668,1.324622,,,,
1707,150,66.65496826,7727,1.1657897,,,,
1708,160,66.98608398,7866,1.0502306,,,,
1709,170,66.31317139,7974,1.1716305,,,,
1710,180,66.45202637,7971,1.2903872,,,,
1711,0,70.00579834,7918,2.6422386,,,,
1712,10,69.96307373,8186,2.833643,,,,
1713,20,70.17059326,8290,2.8092544,,,,
1714,30,70.2835083,8214,3.0239348,,,,
1715,40,70.57647705,8035,2.9899971,,,,
1716,50,70.0881958,7942,2.8545141,,,,
1717,60,69.59838867,7946,2.6463685,,,,
1718,70,69.27185059,8020,2.1687775,,,,
1719,80,69.92034912,7969,1.814268,,,,
1720,90,69.98748779,7918,1.8662946,,,,
1721,100,69.95544434,8185,1.5530927,,,,
1722,110,70.14007568,8302,1.5881169,,,,
1723,120,70.262146,8210,1.6568402,,,,
1724,130,70.57800293,8035,1.7702745,,,,
1725,140,70.12329102,7950,1.8036624,,,,
1726,150,69.60144043,7935,1.7423637,,,,
1727,160,69.27947998,8024,1.8224846,,,,
1728,170,69.95391846,7962,2.457323,,,,
1729,180,70.02716064,7878,2.6465607,,,,
1730,0,67.68035889,8012,1.7778618,,,,
1731,10,67.9397583,8244,1.8597419,,,,
1732,20,67.10662842,8355,1.8806628,,,,
1733,30,67.03033447,8377,1.5901823,,,,
1734,40,66.95098877,8385,1.5839514,,,,
1735,50,67.22259521,8211,1.5227283,,,,
1736,60,67.61932373,8073,1.5523288,,,,
1737,70,67.2958374,8062,1.4853971,,,,
1738,80,67.06848145,8081,1.4464922,,,,
1739,90,67.64373779,8012,1.425235,,,,
1740,100,67.89245605,8243,1.1637181,,,,
1741,110,67.0791626,8372,1.0854756,,,,
1742,120,66.94793701,8398,1.080714,,,,
1743,130,66.90826416,8402,1.088922,,,,
1744,140,67.24700928,8208,1.094348,,,,
1745,150,67.55828857,8074,1.1646194,,,,
1746,160,67.31262207,8055,1.2536547,,,,
1747,170,67.01965332,8075,1.509083,,,,
1748,180,67.59338379,8020,1.8273143,,,,
1749,0,60.65979004,8384,0.5948967,,,,
1750,10,60.05096436,8389,0.56425667,,,,
1751,20,60.54229736,8292,0.57434547,,,,
1752,30,60.29052734,8400,0.6290047,,,,
1753,40,60.62316895,8567,0.7975893,,,,
1754,50,60.57739258,8835,0.92014617,,,,
1755,60,60.22796631,9023,0.9355397,,,,
1756,70,59.99755859,8990,0.92981386,,,,
1757,80,60.39886475,8729,0.93709755,,,,
1758,90,60.62164307,8413,0.7882932,,,,
1759,100,60.02960205,8398,0.56228834,,,,
1760,110,60.54534912,8312,0.46326312,,,,
1761,120,60.29205322,8402,0.31427565,,,,
1762,130,60.63690186,8563,0.31682137,,,,
1763,140,60.59417725,8835,0.3260425,,,,
1764,150,60.25238037,9006,0.34090388,,,,
1765,160,60.02960205,8976,0.37823868,,,,
1766,170,60.35766602,8739,0.42503563,,,,
1767,180,60.59570313,8403,0.5188091,,,,
1768,0,66.00799561,5985,5.96156,,,,
1769,10,67.43927002,5879,4.7924175,,,,
1770,20,67.78259277,5522,4.5103393,,,,
1771,30,67.27600098,5649,3.8716638,,,,
1772,40,66.6809082,5753,3.4036973,,,,
1773,50,66.92504883,5953,2.3165474,,,,
1774,60,67.32788086,6094,1.9466746,,,,
1775,70,66.39251709,6221,1.8167013,,,,
1776,80,66.13311768,6151,1.6530517,,,,
1777,90,66.0446167,5978,1.6040092,,,,
1778,100,67.42248535,5867,2.4136267,,,,
1779,110,67.8237915,5530,4.436921,,,,
1780,120,67.30651855,5636,5.5667996,,,,
1781,130,66.70532227,5765,5.441251,,,,
1782,140,66.93572998,5973,5.4463835,,,,
1783,150,67.31109619,6063,5.6048527,,,,
1784,160,66.50848389,6178,5.934907,,,,
1785,170,66.19110107,6128,5.8357415,,,,
1786,180,66.05529785,5979,5.950338,,,,
1787,0,61.5737915,5459,5.243078,,,,
1788,10,62.1673584,5343,4.8277783,,,,
1789,20,62.5,5194,4.523344,,,,
1790,30,62.40997314,5072,3.4401698,,,,
1791,40,62.78686523,5259,2.809609,,,,
1792,50,63.12103271,5349,2.3293757,,,,
1793,60,63.12713623,5534,2.1780798,,,,
1794,70,61.62719727,5576,1.303936,,,,
1795,80,61.54174805,5656,1.2406148,,,,
1796,90,61.55700684,5466,1.6614974,,,,
1797,100,62.12921143,5337,1.8283069,,,,
1798,110,62.42523193,5206,3.5676441,,,,
1799,120,62.34130859,5084,4.59595,,,,
1800,130,62.77008057,5279,5.3382277,,,,
1801,140,63.13323975,5345,5.9293666,,,,
1802,150,63.03253174,5552,6.565527,,,,
1803,160,61.68518066,5574,6.4560595,,,,
1804,170,61.58294678,5628,6.1964693,,,,
1805,180,61.53869629,5495,5.221746,,,,
1806,0,66.50848389,8106,5.162206,,,,
1807,10,66.9128418,7966,4.751525,,,,
1808,20,66.65344238,7977,3.106187,,,,
1809,30,66.00952148,7969,2.106317,,,,
1810,40,65.53039551,7402,1.5186485,,,,
1811,50,65.75469971,7451,1.0112826,,,,
1812,60,65.83099365,7904,0.58767134,,,,
1813,70,66.48406982,7958,0.53132856,,,,
1814,80,66.66870117,8068,0.4817392,,,,
1815,90,66.47491455,8113,0.44147807,,,,
1816,100,66.88995361,7975,0.43731198,,,,
1817,110,66.65039063,7990,0.62117845,,,,
1818,120,65.98358154,7967,0.72345114,,,,
1819,130,65.48461914,7414,0.9552035,,,,
1820,140,65.70892334,7452,2.1131406,,,,
1821,150,65.85540771,7888,2.6005266,,,,
1822,160,66.52526855,7970,3.1254215,,,,
1823,170,66.68701172,8064,3.9495456,,,,
1824,180,66.38031006,8127,5.0180826,,,,
1825,,,,34.576847,,,,
1826,,,,15.330068,,,,
1827,,,,2.0794647,,,,
1828,,,,2.6239078,,,,
1829,,,,4.8900766,,,,
1830,,,,14.415709,,,,
1831,,,,20.071497,,,,
1832,,,,23.189365,,,,
1833,,,,34.40905,,,,
1834,,,,18.803623,,,,
1835,,,,17.013216,,,,
1836,,,,21.06666,,,,
1837,,,,1.394641,,,,
1838,,,,0.8621027,,,,
1839,,,,2.0509696,,,,
1840,,,,18.60884,,,,
1841,,,,31.793163,,,,
1842,,,,12.26119,,,,
1843,,,,41.20269,,,,
1844,,,,12.022792,,,,
1845,,,,11.276717,,,,
1846,,,,20.5371,,,,
1847,,,,9.888838,,,,
1848,,,,1.4312707,,,,
1849,,,,1.362221,,,,
1850,,,,3.9083052,,,,
1851,,,,15.880509,,,,
1852,,,,58.096134,,,,
1853,,,,15.550391,,,,
1854,,,,13.804161,,,,
1855,,,,23.466906,,,,
1856,,,,14.206409,,,,
1857,,,,2.4700363,,,,
1858,,,,1.5957462,,,,
1859,,,,1.2621671,,,,
1860,,,,1.0773437,,,,
1861,,,,17.222794,,,,
1862,,,,13.028445,,,,
1863,,,,12.022165,,,,
1864,,,,21.685045,,,,
1865,,,,14.618166,,,,
1866,,,,22.987137,,,,
1867,,,,17.011923,,,,
1868,,,,1.7559644,,,,
1869,,,,2.4600124,,,,
1870,,,,1.429319,,,,
1871,,,,9.5291815,,,,
1872,,,,18.573427,,,,
1873,,,,8.181987,,,,
1874,,,,1.853259,,,,
1875,,,,25.819412,,,,
1876,,,,16.363247,,,,
1877,,,,15.988415,,,,
1878,,,,9.923457,,,,
1879,,,,2.6179373,,,,
1880,,,,3.4488642,,,,
1881,,,,4.8902693,,,,
1882,,,,5.3292737,,,,
1883,,,,18.17771,,,,
1884,,,,11.49522,,,,
1885,,,,4.145252,,,,
1886,,,,5.0373225,,,,
1887,,,,3.7467194,,,,
1888,,,,3.908235,,,,
1889,,,,1.3326076,,,,
1890,,,,2.487539,,,,
1891,,,,2.3478632,,,,
1892,,,,7.933181,,,,
1893,,,,14.333481,,,,
1894,,,,21.428833,,,,
1895,,,,34.96505,,,,
1896,,,,2.3843424,,,,
1897,,,,8.720305,,,,
1898,,,,11.105321,,,,
1899,,,,1.6498749,,,,
1900,,,,1.5141754,,,,
1901,,,,4.9869485,,,,
1902,,,,6.1150846,,,,
1903,,,,22.166603,,,,
1904,,,,30.412434,,,,
1905,,,,15.87633,,,,
1906,,,,11.560652,,,,
1907,,,,24.674225,,,,
1908,,,,10.185938,,,,
1909,,,,3.5301843,,,,
1910,,,,1.6461008,,,,
1911,,,,0.64735335,,,,
1912,,,,7.008235,,,,
1913,,,,1.3250424,,,,
1914,,,,14.009051,,,,
1915,,,,13.112996,,,,
1916,,,,21.526562,,,,
1917,,,,11.152687,,,,
1918,,,,9.621509,,,,
1919,,,,25.189157,,,,
1920,,,,1.4759692,,,,
1921,,,,2.8350096,,,,
1922,,,,1.5502032,,,,
1923,,,,12.524921,,,,
1924,,,,21.465778,,,,
