image_name,target_angle,predicted_perm1,predicted_perm
tile_r1_c1.tiff,0,0.68612349,33.32819867
tile_r1_c1.tiff,10,0.604487181,30.55256414
tile_r1_c1.tiff,20,0.536551714,28.24275827
tile_r1_c1.tiff,30,0.506497741,27.22092319
tile_r1_c1.tiff,40,0.527438402,27.93290567
tile_r1_c1.tiff,50,0.573731005,29.50685418
tile_r1_c1.tiff,60,0.578871191,29.68162048
tile_r1_c1.tiff,70,0.563306451,29.15241933
tile_r1_c1.tiff,80,0.570906878,29.41083384
tile_r1_c1.tiff,90,0.604641259,30.5578028
tile_r1_c1.tiff,100,0.604426861,30.55051327
tile_r1_c1.tiff,110,0.586595237,29.94423807
tile_r1_c1.tiff,120,0.577076554,29.62060285
tile_r1_c1.tiff,130,0.536898196,28.25453866
tile_r1_c1.tiff,140,0.492535263,26.74619895
tile_r1_c1.tiff,150,0.495329112,26.8411898
tile_r1_c1.tiff,160,0.607126415,30.6422981
tile_r1_c1.tiff,170,0.719239175,34.45413196
tile_r1_c1.tiff,180,0.738781631,35.11857545
tile_r1_c2.tiff,0,0.605022669,30.57077074
tile_r1_c2.tiff,10,0.555317819,28.88080585
tile_r1_c2.tiff,20,0.488529116,26.60998994
tile_r1_c2.tiff,30,0.464165896,25.78164047
tile_r1_c2.tiff,40,0.49817124,26.93782216
tile_r1_c2.tiff,50,0.557719052,28.96244776
tile_r1_c2.tiff,60,0.579760075,29.71184254
tile_r1_c2.tiff,70,0.581922591,29.78536808
tile_r1_c2.tiff,80,0.600181997,30.40618789
tile_r1_c2.tiff,90,0.634910524,31.58695781
tile_r1_c2.tiff,100,0.634622395,31.57716143
tile_r1_c2.tiff,110,0.616498411,30.96094596
tile_r1_c2.tiff,120,0.606175721,30.6099745
tile_r1_c2.tiff,130,0.564812124,29.20361221
tile_r1_c2.tiff,140,0.515120447,27.51409519
tile_r1_c2.tiff,150,0.505501747,27.1870594
tile_r1_c2.tiff,160,0.592914343,30.15908766
tile_r1_c2.tiff,170,0.681237102,33.16206145
tile_r1_c2.tiff,180,0.688928068,33.4235543
tile_r1_c3.tiff,0,0.711978793,34.20727897
tile_r1_c3.tiff,10,0.634440362,31.57097232
tile_r1_c3.tiff,20,0.547968566,28.63093126
tile_r1_c3.tiff,30,0.510946214,27.37217128
tile_r1_c3.tiff,40,0.543035567,28.46320927
tile_r1_c3.tiff,50,0.609994233,30.73980391
tile_r1_c3.tiff,60,0.636712611,31.64822876
tile_r1_c3.tiff,70,0.649223149,32.07358706
tile_r1_c3.tiff,80,0.676746845,33.00939274
tile_r1_c3.tiff,90,0.715794206,34.33700299
tile_r1_c3.tiff,100,0.705787957,33.99679053
tile_r1_c3.tiff,110,0.665517688,32.62760139
tile_r1_c3.tiff,120,0.632189333,31.49443734
tile_r1_c3.tiff,130,0.566225469,29.25166595
tile_r1_c3.tiff,140,0.504835844,27.1644187
tile_r1_c3.tiff,150,0.506669104,27.22674954
tile_r1_c3.tiff,160,0.641031921,31.79508531
tile_r1_c3.tiff,170,0.778508663,36.46929455
tile_r1_c3.tiff,180,0.798826396,37.16009748
tile_r1_c4.tiff,0,0.634535372,31.57420266
tile_r1_c4.tiff,10,0.625880897,31.2799505
tile_r1_c4.tiff,20,0.592289209,30.13783312
tile_r1_c4.tiff,30,0.584584057,29.87585795
tile_r1_c4.tiff,40,0.613894403,30.8724097
tile_r1_c4.tiff,50,0.659613788,32.4268688
tile_r1_c4.tiff,60,0.654464304,32.25178635
tile_r1_c4.tiff,70,0.62104845,31.11564732
tile_r1_c4.tiff,80,0.619239032,31.0541271
tile_r1_c4.tiff,90,0.652205944,32.1750021
tile_r1_c4.tiff,100,0.649393559,32.07938099
tile_r1_c4.tiff,110,0.625492513,31.26674545
tile_r1_c4.tiff,120,0.602811515,30.49559152
tile_r1_c4.tiff,130,0.54755944,28.61702096
tile_r1_c4.tiff,140,0.4859384,26.5219056
tile_r1_c4.tiff,150,0.468808383,25.93948501
tile_r1_c4.tiff,160,0.568504274,29.32914531
tile_r1_c4.tiff,170,0.679368079,33.09851468
tile_r1_c4.tiff,180,0.72189486,34.54442525
tile_r1_c5.tiff,0,0.723496854,34.59889305
tile_r1_c5.tiff,10,0.681730807,33.17884743
tile_r1_c5.tiff,20,0.625966609,31.28286469
tile_r1_c5.tiff,30,0.602153242,30.47321022
tile_r1_c5.tiff,40,0.624220669,31.22350276
tile_r1_c5.tiff,50,0.671495259,32.8308388
tile_r1_c5.tiff,60,0.670141041,32.7847954
tile_r1_c5.tiff,70,0.649171054,32.07181585
tile_r1_c5.tiff,80,0.657043517,32.33947957
tile_r1_c5.tiff,90,0.693437874,33.57688773
tile_r1_c5.tiff,100,0.6850214,33.29072762
tile_r1_c5.tiff,110,0.647407949,32.01187027
tile_r1_c5.tiff,120,0.610615671,30.7609328
tile_r1_c5.tiff,130,0.540949345,28.39227772
tile_r1_c5.tiff,140,0.475755781,26.17569655
tile_r1_c5.tiff,150,0.472336888,26.0594542
tile_r1_c5.tiff,160,0.609660447,30.72845519
tile_r1_c5.tiff,170,0.758479416,35.78830016
tile_r1_c5.tiff,180,0.806544602,37.42251647
tile_r1_c6.tiff,0,0.776489139,36.40063071
tile_r1_c6.tiff,10,0.666276395,32.65339744
tile_r1_c6.tiff,20,0.595676839,30.25301254
tile_r1_c6.tiff,30,0.560082793,29.04281497
tile_r1_c6.tiff,40,0.571436942,29.42885602
tile_r1_c6.tiff,50,0.609200656,30.71282232
tile_r1_c6.tiff,60,0.601614654,30.45489824
tile_r1_c6.tiff,70,0.57224983,29.45649421
tile_r1_c6.tiff,80,0.572525501,29.46586704
tile_r1_c6.tiff,90,0.606750131,30.62950444
tile_r1_c6.tiff,100,0.605909884,30.60093606
tile_r1_c6.tiff,110,0.584912121,29.88701212
tile_r1_c6.tiff,120,0.5715819,29.4337846
tile_r1_c6.tiff,130,0.526535094,27.90219319
tile_r1_c6.tiff,140,0.481803417,26.38131618
tile_r1_c6.tiff,150,0.494086653,26.7989462
tile_r1_c6.tiff,160,0.632929027,31.51958692
tile_r1_c6.tiff,170,0.773000658,36.28202236
tile_r1_c6.tiff,180,0.805650711,37.39212418
tile_r1_c7.tiff,0,0.667837322,32.70646894
tile_r1_c7.tiff,10,0.572262704,29.45693195
tile_r1_c7.tiff,20,0.509931862,27.33768332
tile_r1_c7.tiff,30,0.48143822,26.36889946
tile_r1_c7.tiff,40,0.498811275,26.95958334
tile_r1_c7.tiff,50,0.538660944,28.31447208
tile_r1_c7.tiff,60,0.540780902,28.38655066
tile_r1_c7.tiff,70,0.526357949,27.89617026
tile_r1_c7.tiff,80,0.533018887,28.12264216
tile_r1_c7.tiff,90,0.562902153,29.13867319
tile_r1_c7.tiff,100,0.55802983,28.97301424
tile_r1_c7.tiff,110,0.536103368,28.22751451
tile_r1_c7.tiff,120,0.523284078,27.79165864
tile_r1_c7.tiff,130,0.4840478,26.45762521
tile_r1_c7.tiff,140,0.444937676,25.12788099
tile_r1_c7.tiff,150,0.452378958,25.38088459
tile_r1_c7.tiff,160,0.562920332,29.13929129
tile_r1_c7.tiff,170,0.673348069,32.89383435
tile_r1_c7.tiff,180,0.696377099,33.67682135
tile_r1_c8.tiff,0,0.491522908,26.71177888
tile_r1_c8.tiff,10,0.427556306,24.53691441
tile_r1_c8.tiff,20,0.385662168,23.11251372
tile_r1_c8.tiff,30,0.370640367,22.60177249
tile_r1_c8.tiff,40,0.391177297,23.30002809
tile_r1_c8.tiff,50,0.42436114,24.42827874
tile_r1_c8.tiff,60,0.432308495,24.69848883
tile_r1_c8.tiff,70,0.429707438,24.61005288
tile_r1_c8.tiff,80,0.439621061,24.94711608
tile_r1_c8.tiff,90,0.463365257,25.75441873
tile_r1_c8.tiff,100,0.463046163,25.74356955
tile_r1_c8.tiff,110,0.45456472,25.45520049
tile_r1_c8.tiff,120,0.454238415,25.4441061
tile_r1_c8.tiff,130,0.433287293,24.73176795
tile_r1_c8.tiff,140,0.405483663,23.78644454
tile_r1_c8.tiff,150,0.400835723,23.62841457
tile_r1_c8.tiff,160,0.455318302,25.48082227
tile_r1_c8.tiff,170,0.50918901,27.31242633
tile_r1_c8.tiff,180,0.515650272,27.53210926
tile_r1_c9.tiff,0,0.573655486,29.50428653
tile_r1_c9.tiff,10,0.486929685,26.55560929
tile_r1_c9.tiff,20,0.441454321,25.00944692
tile_r1_c9.tiff,30,0.421251148,24.32253903
tile_r1_c9.tiff,40,0.43642199,24.83834767
tile_r1_c9.tiff,50,0.467755765,25.903696
tile_r1_c9.tiff,60,0.468694896,25.93562645
tile_r1_c9.tiff,70,0.460811704,25.66759795
tile_r1_c9.tiff,80,0.468298763,25.92215794
tile_r1_c9.tiff,90,0.491947711,26.72622216
tile_r1_c9.tiff,100,0.484355032,26.4680711
tile_r1_c9.tiff,110,0.463566035,25.76124519
tile_r1_c9.tiff,120,0.44909355,25.26918072
tile_r1_c9.tiff,130,0.413776577,24.0684036
tile_r1_c9.tiff,140,0.380077153,22.92262322
tile_r1_c9.tiff,150,0.383139402,23.02673966
tile_r1_c9.tiff,160,0.468839675,25.94054896
tile_r1_c9.tiff,170,0.557609558,28.95872498
tile_r1_c9.tiff,180,0.581311285,29.76458371
tile_r1_c10.tiff,0,0.722678542,34.57107043
tile_r1_c10.tiff,10,0.638872027,31.72164893
tile_r1_c10.tiff,20,0.566138148,29.24869704
tile_r1_c10.tiff,30,0.532977045,28.12121952
tile_r1_c10.tiff,40,0.554933369,28.86773455
tile_r1_c10.tiff,50,0.606060863,30.60606933
tile_r1_c10.tiff,60,0.615599036,30.93036723
tile_r1_c10.tiff,70,0.610387325,30.75316906
tile_r1_c10.tiff,80,0.626246393,31.29237735
tile_r1_c10.tiff,90,0.661854148,32.50304103
tile_r1_c10.tiff,100,0.653065383,32.20422304
tile_r1_c10.tiff,110,0.617341638,30.98961568
tile_r1_c10.tiff,120,0.586934984,29.95578945
tile_r1_c10.tiff,130,0.526020408,27.88469386
tile_r1_c10.tiff,140,0.470281005,25.98955417
tile_r1_c10.tiff,150,0.47548762,26.16657907
tile_r1_c10.tiff,160,0.6109851,30.77349341
tile_r1_c10.tiff,170,0.751382291,35.5469979
tile_r1_c10.tiff,180,0.782856524,36.61712182
tile_r2_c1.tiff,0,0.788763821,36.81796992
tile_r2_c1.tiff,10,0.760732532,35.86490607
tile_r2_c1.tiff,20,0.680659294,33.142416
tile_r2_c1.tiff,30,0.651244581,32.14231575
tile_r2_c1.tiff,40,0.692406595,33.54182422
tile_r2_c1.tiff,50,0.770667017,36.20267856
tile_r2_c1.tiff,60,0.790083706,36.86284602
tile_r2_c1.tiff,70,0.775162458,36.35552359
tile_r2_c1.tiff,80,0.789902747,36.85669339
tile_r2_c1.tiff,90,0.837162554,38.46352684
tile_r2_c1.tiff,100,0.835572898,38.40947855
tile_r2_c1.tiff,110,0.800445139,37.21513474
tile_r2_c1.tiff,120,0.768566489,36.13126063
tile_r2_c1.tiff,130,0.6936571,33.58434141
tile_r2_c1.tiff,140,0.613135636,30.84661162
tile_r2_c1.tiff,150,0.599811614,30.39359486
tile_r2_c1.tiff,160,0.745403945,35.34373415
tile_r2_c1.tiff,170,0.898277342,40.54142964
tile_r2_c1.tiff,180,0.930663168,41.64254773
tile_r2_c2.tiff,0,0.426552683,24.50279123
tile_r2_c2.tiff,10,0.406464964,23.81980878
tile_r2_c2.tiff,20,0.400911689,23.63099742
tile_r2_c2.tiff,30,0.406687856,23.82738709
tile_r2_c2.tiff,40,0.427384347,24.53106779
tile_r2_c2.tiff,50,0.448235244,25.23999828
tile_r2_c2.tiff,60,0.437959999,24.89063996
tile_r2_c2.tiff,70,0.412968069,24.04091436
tile_r2_c2.tiff,80,0.407301337,23.84824544
tile_r2_c2.tiff,90,0.424815267,24.44371909
tile_r2_c2.tiff,100,0.421848923,24.34286338
tile_r2_c2.tiff,110,0.414369881,24.08857596
tile_r2_c2.tiff,120,0.41116485,23.9796049
tile_r2_c2.tiff,130,0.390381426,23.27296847
tile_r2_c2.tiff,140,0.361492306,22.2907384
tile_r2_c2.tiff,150,0.346108407,21.76768583
tile_r2_c2.tiff,160,0.380998582,22.95395178
tile_r2_c2.tiff,170,0.422033936,24.34915382
tile_r2_c2.tiff,180,0.446448743,25.17925727
tile_r2_c3.tiff,0,0.774786353,36.34273601
tile_r2_c3.tiff,10,0.68355155,33.2407527
tile_r2_c3.tiff,20,0.60609597,30.60726297
tile_r2_c3.tiff,30,0.568789124,29.33883023
tile_r2_c3.tiff,40,0.585788012,29.91679239
tile_r2_c3.tiff,50,0.633292556,31.5319469
tile_r2_c3.tiff,60,0.634405375,31.56978273
tile_r2_c3.tiff,70,0.61385411,30.87103975
tile_r2_c3.tiff,80,0.621119857,31.11807513
tile_r2_c3.tiff,90,0.658458292,32.38758194
tile_r2_c3.tiff,100,0.655874312,32.29972661
tile_r2_c3.tiff,110,0.628781021,31.3785547
tile_r2_c3.tiff,120,0.608527601,30.68993843
tile_r2_c3.tiff,130,0.554683387,28.85923517
tile_r2_c3.tiff,140,0.502150536,27.07311821
tile_r2_c3.tiff,150,0.511461794,27.38970101
tile_r2_c3.tiff,160,0.656318188,32.31481838
tile_r2_c3.tiff,170,0.80350405,37.31913769
tile_r2_c3.tiff,180,0.835041344,38.3914057
tile_r2_c4.tiff,0,0.58782649,29.98610067
tile_r2_c4.tiff,10,0.55628413,28.91366041
tile_r2_c4.tiff,20,0.51987654,27.67580235
tile_r2_c4.tiff,30,0.50819689,27.27869427
tile_r2_c4.tiff,40,0.530830503,28.04823709
tile_r2_c4.tiff,50,0.56787771,29.30784214
tile_r2_c4.tiff,60,0.56360513,29.16257441
tile_r2_c4.tiff,70,0.53928113,28.33555841
tile_r2_c4.tiff,80,0.540083826,28.36285007
tile_r2_c4.tiff,90,0.568561077,29.33107662
tile_r2_c4.tiff,100,0.565875769,29.23977613
tile_r2_c4.tiff,110,0.54715997,28.60343897
tile_r2_c4.tiff,120,0.532072783,28.09047461
tile_r2_c4.tiff,130,0.489582211,26.64579517
tile_r2_c4.tiff,140,0.442484319,25.04446685
tile_r2_c4.tiff,150,0.433301181,24.73224014
tile_r2_c4.tiff,160,0.521005094,27.7141732
tile_r2_c4.tiff,170,0.615660489,30.93245661
tile_r2_c4.tiff,180,0.647522449,32.01576328
tile_r2_c5.tiff,0,0.561771333,29.10022533
tile_r2_c5.tiff,10,0.488780767,26.61854607
tile_r2_c5.tiff,20,0.430670142,24.64278483
tile_r2_c5.tiff,30,0.406071335,23.80642539
tile_r2_c5.tiff,40,0.426883996,24.51405585
tile_r2_c5.tiff,50,0.467975765,25.91117603
tile_r2_c5.tiff,60,0.48009035,26.3230719
tile_r2_c5.tiff,70,0.483803838,26.44933051
tile_r2_c5.tiff,80,0.499759734,26.99183095
tile_r2_c5.tiff,90,0.527135968,27.92262292
tile_r2_c5.tiff,100,0.52267617,27.77098978
tile_r2_c5.tiff,110,0.503545344,27.12054169
tile_r2_c5.tiff,120,0.49157396,26.71351463
tile_r2_c5.tiff,130,0.456233442,25.51193702
tile_r2_c5.tiff,140,0.420115709,24.28393412
tile_r2_c5.tiff,150,0.421415538,24.32812828
tile_r2_c5.tiff,160,0.505405724,27.18379462
tile_r2_c5.tiff,170,0.590422988,30.07438159
tile_r2_c5.tiff,180,0.601897895,30.46452844
tile_r2_c6.tiff,0,0.647906303,32.02881432
tile_r2_c6.tiff,10,0.594212472,30.20322406
tile_r2_c6.tiff,20,0.550368071,28.7125144
tile_r2_c6.tiff,30,0.53215909,28.09340906
tile_r2_c6.tiff,40,0.549619734,28.68707097
tile_r2_c6.tiff,50,0.584537566,29.87427723
tile_r2_c6.tiff,60,0.576071203,29.58642089
tile_r2_c6.tiff,70,0.547600985,28.61843348
tile_r2_c6.tiff,80,0.546382189,28.57699442
tile_r2_c6.tiff,90,0.575305223,29.5603776
tile_r2_c6.tiff,100,0.571142614,29.41884887
tile_r2_c6.tiff,110,0.548702657,28.65589035
tile_r2_c6.tiff,120,0.530598223,28.04033959
tile_r2_c6.tiff,130,0.484593302,26.47617227
tile_r2_c6.tiff,140,0.4379296,24.88960642
tile_r2_c6.tiff,150,0.437144786,24.86292273
tile_r2_c6.tiff,160,0.544980705,28.52934396
tile_r2_c6.tiff,170,0.659137368,32.41067052
tile_r2_c6.tiff,180,0.696430683,33.67864323
tile_r2_c7.tiff,0,0.541205108,28.40097368
tile_r2_c7.tiff,10,0.533897936,28.15252984
tile_r2_c7.tiff,20,0.535197735,28.19672298
tile_r2_c7.tiff,30,0.539729595,28.35080624
tile_r2_c7.tiff,40,0.550899386,28.73057914
tile_r2_c7.tiff,50,0.563144922,29.14692736
tile_r2_c7.tiff,60,0.532220483,28.09549642
tile_r2_c7.tiff,70,0.481524795,26.37184304
tile_r2_c7.tiff,80,0.464709669,25.80012876
tile_r2_c7.tiff,90,0.485631317,26.51146477
tile_r2_c7.tiff,100,0.481005818,26.3541978
tile_r2_c7.tiff,110,0.465370297,25.82259011
tile_r2_c7.tiff,120,0.448802143,25.25927287
tile_r2_c7.tiff,130,0.409460485,23.92165649
tile_r2_c7.tiff,140,0.367179066,22.48408824
tile_r2_c7.tiff,150,0.353982657,22.03541034
tile_r2_c7.tiff,160,0.426903099,24.51470536
tile_r2_c7.tiff,170,0.514535308,27.49420047
tile_r2_c7.tiff,180,0.570055127,29.38187432
tile_r2_c8.tiff,0,0.452467829,25.38390619
tile_r2_c8.tiff,10,0.485559881,26.50903594
tile_r2_c8.tiff,20,0.513369679,27.4545691
tile_r2_c8.tiff,30,0.536152005,28.22916818
tile_r2_c8.tiff,40,0.552815199,28.79571676
tile_r2_c8.tiff,50,0.561001718,29.07405841
tile_r2_c8.tiff,60,0.521454573,27.72945547
tile_r2_c8.tiff,70,0.450125575,25.30426955
tile_r2_c8.tiff,80,0.419072121,24.24845213
tile_r2_c8.tiff,90,0.437457651,24.87356013
tile_r2_c8.tiff,100,0.442765385,25.05402309
tile_r2_c8.tiff,110,0.447850555,25.22691888
tile_r2_c8.tiff,120,0.45113048,25.33843631
tile_r2_c8.tiff,130,0.430639863,24.64175534
tile_r2_c8.tiff,140,0.393000811,23.36202759
tile_r2_c8.tiff,150,0.363263935,22.35097378
tile_r2_c8.tiff,160,0.393152386,23.36718112
tile_r2_c8.tiff,170,0.437887996,24.88819188
tile_r2_c8.tiff,180,0.487701446,26.58184916
tile_r2_c9.tiff,0,0.57732451,29.62903333
tile_r2_c9.tiff,10,0.510724723,27.36464059
tile_r2_c9.tiff,20,0.463444859,25.7571252
tile_r2_c9.tiff,30,0.444850475,25.12491614
tile_r2_c9.tiff,40,0.465042621,25.81144911
tile_r2_c9.tiff,50,0.501567662,27.0533005
tile_r2_c9.tiff,60,0.503627241,27.12332618
tile_r2_c9.tiff,70,0.48973456,26.65097505
tile_r2_c9.tiff,80,0.494421214,26.81032127
tile_r2_c9.tiff,90,0.520669281,27.70275557
tile_r2_c9.tiff,100,0.518491387,27.62870717
tile_r2_c9.tiff,110,0.50416702,27.14167869
tile_r2_c9.tiff,120,0.497529536,26.91600424
tile_r2_c9.tiff,130,0.466691643,25.86751586
tile_r2_c9.tiff,140,0.431074709,24.6565401
tile_r2_c9.tiff,150,0.429431349,24.60066587
tile_r2_c9.tiff,160,0.510659754,27.36243165
tile_r2_c9.tiff,170,0.593226194,30.16969061
tile_r2_c9.tiff,180,0.611393571,30.78738141
tile_r2_c10.tiff,0,0.618600368,31.03241253
tile_r2_c10.tiff,10,0.564727187,29.20072436
tile_r2_c10.tiff,20,0.511344075,27.38569856
tile_r2_c10.tiff,30,0.490808576,26.6874916
tile_r2_c10.tiff,40,0.515638173,27.53169787
tile_r2_c10.tiff,50,0.560799956,29.06719851
tile_r2_c10.tiff,60,0.566797495,29.27111483
tile_r2_c10.tiff,70,0.555867612,28.89949882
tile_r2_c10.tiff,80,0.564955473,29.20848608
tile_r2_c10.tiff,90,0.595424354,30.24442804
tile_r2_c10.tiff,100,0.590406477,30.07382023
tile_r2_c10.tiff,110,0.566164911,29.24960697
tile_r2_c10.tiff,120,0.547785401,28.62470365
tile_r2_c10.tiff,130,0.501911283,27.06498361
tile_r2_c10.tiff,140,0.454277962,25.44545072
tile_r2_c10.tiff,150,0.450974464,25.33313179
tile_r2_c10.tiff,160,0.550568759,28.71933782
tile_r2_c10.tiff,170,0.654359341,32.24821758
tile_r2_c10.tiff,180,0.679297805,33.09612536
tile_r3_c1.tiff,0,0.630916238,31.45115209
tile_r3_c1.tiff,10,0.55175674,28.75972915
tile_r3_c1.tiff,20,0.498385757,26.94511575
tile_r3_c1.tiff,30,0.474524826,26.13384408
tile_r3_c1.tiff,40,0.489344865,26.63772541
tile_r3_c1.tiff,50,0.52279073,27.77488482
tile_r3_c1.tiff,60,0.518668771,27.63473821
tile_r3_c1.tiff,70,0.4971295,26.902403
tile_r3_c1.tiff,80,0.498637885,26.95368809
tile_r3_c1.tiff,90,0.526651561,27.90615308
tile_r3_c1.tiff,100,0.525361776,27.8623004
tile_r3_c1.tiff,110,0.510697961,27.36373067
tile_r3_c1.tiff,120,0.503874063,27.13171816
tile_r3_c1.tiff,130,0.471162319,26.01951885
tile_r3_c1.tiff,140,0.43536678,24.80247051
tile_r3_c1.tiff,150,0.440120071,24.96408242
tile_r3_c1.tiff,160,0.539242029,28.33422899
tile_r3_c1.tiff,170,0.639296114,31.73606789
tile_r3_c1.tiff,180,0.662014484,32.50849247
tile_r3_c2.tiff,0,0.474796504,26.14308113
tile_r3_c2.tiff,10,0.421895206,24.344437
tile_r3_c2.tiff,20,0.404179841,23.7421146
tile_r3_c2.tiff,30,0.401400119,23.64760405
tile_r3_c2.tiff,40,0.418374091,24.22471911
tile_r3_c2.tiff,50,0.439582884,24.94581807
tile_r3_c2.tiff,60,0.430740565,24.64517921
tile_r3_c2.tiff,70,0.409267485,23.91509449
tile_r3_c2.tiff,80,0.406091839,23.80712253
tile_r3_c2.tiff,90,0.424719542,24.44046444
tile_r3_c2.tiff,100,0.422299057,24.35816795
tile_r3_c2.tiff,110,0.415085584,24.11290985
tile_r3_c2.tiff,120,0.413386166,24.05512965
tile_r3_c2.tiff,130,0.393658251,23.38438052
tile_r3_c2.tiff,140,0.367258519,22.48678964
tile_r3_c2.tiff,150,0.358542293,22.19043797
tile_r3_c2.tiff,160,0.404885203,23.76609689
tile_r3_c2.tiff,170,0.455461621,25.48569512
tile_r3_c2.tiff,180,0.476828486,26.21216851
tile_r3_c3.tiff,0,0.393717915,23.3864091
tile_r3_c3.tiff,10,0.352785915,21.99472111
tile_r3_c3.tiff,20,0.337447703,21.4732219
tile_r3_c3.tiff,30,0.337916762,21.4891699
tile_r3_c3.tiff,40,0.357581943,22.15778607
tile_r3_c3.tiff,50,0.379561096,22.90507728
tile_r3_c3.tiff,60,0.376476854,22.80021304
tile_r3_c3.tiff,70,0.359122187,22.21015435
tile_r3_c3.tiff,80,0.357159406,22.1434198
tile_r3_c3.tiff,90,0.374322355,22.72696006
tile_r3_c3.tiff,100,0.377140373,22.82277268
tile_r3_c3.tiff,110,0.381113082,22.95784479
tile_r3_c3.tiff,120,0.392627358,23.34933019
tile_r3_c3.tiff,130,0.38708058,23.16073972
tile_r3_c3.tiff,140,0.368702322,22.53587896
tile_r3_c3.tiff,150,0.355986089,22.10352701
tile_r3_c3.tiff,160,0.375586569,22.76994336
tile_r3_c3.tiff,170,0.395229667,23.43780869
tile_r3_c3.tiff,180,0.401454121,23.64944011
tile_r3_c4.tiff,0,0.441605151,25.01457512
tile_r3_c4.tiff,10,0.39478156,23.42257303
tile_r3_c4.tiff,20,0.388982475,23.22540414
tile_r3_c4.tiff,30,0.390370876,23.27260977
tile_r3_c4.tiff,40,0.400529563,23.61800516
tile_r3_c4.tiff,50,0.410643786,23.96188873
tile_r3_c4.tiff,60,0.39245519,23.34347647
tile_r3_c4.tiff,70,0.365191966,22.41652685
tile_r3_c4.tiff,80,0.357990712,22.17168421
tile_r3_c4.tiff,90,0.373151153,22.68713921
tile_r3_c4.tiff,100,0.368803531,22.53932005
tile_r3_c4.tiff,110,0.361193866,22.28059143
tile_r3_c4.tiff,120,0.357406288,22.15181381
tile_r3_c4.tiff,130,0.338641942,21.51382601
tile_r3_c4.tiff,140,0.316433936,20.75875384
tile_r3_c4.tiff,150,0.309493303,20.52277231
tile_r3_c4.tiff,160,0.35230729,21.97844785
tile_r3_c4.tiff,170,0.401448995,23.64926583
tile_r3_c4.tiff,180,0.430275947,24.62938219
tile_r3_c5.tiff,0,0.54868722,28.65536547
tile_r3_c5.tiff,10,0.46812436,25.91622823
tile_r3_c5.tiff,20,0.421807319,24.34144884
tile_r3_c5.tiff,30,0.401197404,23.64071172
tile_r3_c5.tiff,40,0.414426237,24.09049207
tile_r3_c5.tiff,50,0.442590386,25.04807311
tile_r3_c5.tiff,60,0.44149226,25.01073682
tile_r3_c5.tiff,70,0.429239392,24.59413934
tile_r3_c5.tiff,80,0.433255047,24.73067158
tile_r3_c5.tiff,90,0.456158638,25.50939369
tile_r3_c5.tiff,100,0.452968687,25.40093535
tile_r3_c5.tiff,110,0.44078064,24.98654175
tile_r3_c5.tiff,120,0.437322885,24.86897808
tile_r3_c5.tiff,130,0.41345945,24.0576213
tile_r3_c5.tiff,140,0.38732329,23.16899186
tile_r3_c5.tiff,150,0.392315656,23.3387323
tile_r3_c5.tiff,160,0.469595879,25.9662599
tile_r3_c5.tiff,170,0.546182811,28.57021558
tile_r3_c5.tiff,180,0.56209904,29.11136734
tile_r3_c6.tiff,0,0.553109288,28.8057158
tile_r3_c6.tiff,10,0.546972334,28.59705937
tile_r3_c6.tiff,20,0.543156445,28.46731913
tile_r3_c6.tiff,30,0.544573784,28.51550865
tile_r3_c6.tiff,40,0.554858446,28.86518717
tile_r3_c6.tiff,50,0.568401635,29.32565558
tile_r3_c6.tiff,60,0.539178371,28.33206463
tile_r3_c6.tiff,70,0.492487639,26.74457973
tile_r3_c6.tiff,80,0.478848308,26.28084248
tile_r3_c6.tiff,90,0.501370013,27.04658043
tile_r3_c6.tiff,100,0.496926814,26.89551169
tile_r3_c6.tiff,110,0.479692131,26.30953246
tile_r3_c6.tiff,120,0.460567683,25.65930122
tile_r3_c6.tiff,130,0.417866796,24.20747107
tile_r3_c6.tiff,140,0.373657823,22.70436597
tile_r3_c6.tiff,150,0.36150676,22.29122984
tile_r3_c6.tiff,160,0.440608412,24.98068601
tile_r3_c6.tiff,170,0.535064459,28.1921916
tile_r3_c6.tiff,180,0.590072572,30.06246746
tile_r3_c7.tiff,0,0.494579643,26.81570786
tile_r3_c7.tiff,10,0.445995957,25.16386253
tile_r3_c7.tiff,20,0.435195178,24.79663604
tile_r3_c7.tiff,30,0.430440336,24.63497144
tile_r3_c7.tiff,40,0.433711737,24.74619907
tile_r3_c7.tiff,50,0.439391285,24.9393037
tile_r3_c7.tiff,60,0.413657188,24.06434441
tile_r3_c7.tiff,70,0.378400177,22.86560601
tile_r3_c7.tiff,80,0.367005348,22.47818184
tile_r3_c7.tiff,90,0.382443219,23.00306946
tile_r3_c7.tiff,100,0.376832783,22.81231463
tile_r3_c7.tiff,110,0.365864128,22.43938035
tile_r3_c7.tiff,120,0.358474463,22.18813175
tile_r3_c7.tiff,130,0.335337013,21.40145844
tile_r3_c7.tiff,140,0.312694252,20.63160455
tile_r3_c7.tiff,150,0.313901275,20.67264336
tile_r3_c7.tiff,160,0.378857583,22.88115782
tile_r3_c7.tiff,170,0.450904787,25.33076274
tile_r3_c7.tiff,180,0.488945305,26.62414038
tile_r3_c8.tiff,0,0.483108312,26.4256826
tile_r3_c8.tiff,10,0.402426511,23.68250138
tile_r3_c8.tiff,20,0.377505451,22.83518535
tile_r3_c8.tiff,30,0.361216009,22.28134429
tile_r3_c8.tiff,40,0.356695712,22.12765419
tile_r3_c8.tiff,50,0.359410852,22.21996897
tile_r3_c8.tiff,60,0.339901179,21.55664009
tile_r3_c8.tiff,70,0.323006392,20.98221731
tile_r3_c8.tiff,80,0.319787651,20.87278014
tile_r3_c8.tiff,90,0.330811411,21.24758798
tile_r3_c8.tiff,100,0.318879336,20.84189743
tile_r3_c8.tiff,110,0.301897466,20.26451385
tile_r3_c8.tiff,120,0.289298952,19.83616436
tile_r3_c8.tiff,130,0.265582144,19.0297929
tile_r3_c8.tiff,140,0.251924008,18.56541628
tile_r3_c8.tiff,150,0.267998517,19.11194956
tile_r3_c8.tiff,160,0.344515741,21.71353519
tile_r3_c8.tiff,170,0.424680054,24.43912184
tile_r3_c8.tiff,180,0.457518935,25.5556438
tile_r3_c9.tiff,0,0.730492294,34.83673799
tile_r3_c9.tiff,10,0.642707407,31.85205185
tile_r3_c9.tiff,20,0.570051789,29.38176084
tile_r3_c9.tiff,30,0.537473321,28.27409291
tile_r3_c9.tiff,40,0.558678746,28.99507737
tile_r3_c9.tiff,50,0.606905222,30.63477755
tile_r3_c9.tiff,60,0.609702706,30.72989202
tile_r3_c9.tiff,70,0.587660909,29.9804709
tile_r3_c9.tiff,80,0.592289507,30.13784325
tile_r3_c9.tiff,90,0.627544641,31.33651781
tile_r3_c9.tiff,100,0.628600419,31.37241423
tile_r3_c9.tiff,110,0.610592067,30.76013029
tile_r3_c9.tiff,120,0.601578832,30.45368028
tile_r3_c9.tiff,130,0.559992731,29.03975284
tile_r3_c9.tiff,140,0.513629854,27.46341503
tile_r3_c9.tiff,150,0.519164443,27.65159106
tile_r3_c9.tiff,160,0.642760932,31.8538717
tile_r3_c9.tiff,170,0.765707076,36.03404057
tile_r3_c9.tiff,180,0.787243843,36.76629066
tile_r3_c10.tiff,0,0.512777925,27.43444943
tile_r3_c10.tiff,10,0.45953092,25.62405127
tile_r3_c10.tiff,20,0.411893338,24.00437349
tile_r3_c10.tiff,30,0.395481199,23.44636077
tile_r3_c10.tiff,40,0.42001459,24.28049606
tile_r3_c10.tiff,50,0.459674358,25.62892818
tile_r3_c10.tiff,60,0.470905215,26.01077729
tile_r3_c10.tiff,70,0.468465567,25.92782927
tile_r3_c10.tiff,80,0.480466664,26.33586657
tile_r3_c10.tiff,90,0.507597983,27.25833142
tile_r3_c10.tiff,100,0.508035064,27.27319217
tile_r3_c10.tiff,110,0.498253018,26.9406026
tile_r3_c10.tiff,120,0.497445017,26.91313058
tile_r3_c10.tiff,130,0.473397225,26.09550565
tile_r3_c10.tiff,140,0.440984935,24.99348778
tile_r3_c10.tiff,150,0.434386343,24.76913565
tile_r3_c10.tiff,160,0.494749725,26.82149065
tile_r3_c10.tiff,170,0.554249942,28.84449804
tile_r3_c10.tiff,180,0.558994889,29.00582623
tile_r4_c1.tiff,0,0.468660325,25.93445104
tile_r4_c1.tiff,10,0.466841608,25.87261468
tile_r4_c1.tiff,20,0.44090119,24.99064046
tile_r4_c1.tiff,30,0.442203015,25.03490251
tile_r4_c1.tiff,40,0.479966402,26.31885767
tile_r4_c1.tiff,50,0.528182805,27.95821536
tile_r4_c1.tiff,60,0.537055612,28.25989079
tile_r4_c1.tiff,70,0.518967092,27.64488113
tile_r4_c1.tiff,80,0.521034002,27.71515608
tile_r4_c1.tiff,90,0.548070371,28.63439262
tile_r4_c1.tiff,100,0.55184418,28.76270211
tile_r4_c1.tiff,110,0.547313869,28.60867155
tile_r4_c1.tiff,120,0.54820025,28.63880849
tile_r4_c1.tiff,130,0.521783829,27.74065018
tile_r4_c1.tiff,140,0.477689773,26.24145228
tile_r4_c1.tiff,150,0.451509267,25.35131508
tile_r4_c1.tiff,160,0.490853161,26.68900746
tile_r4_c1.tiff,170,0.534148514,28.16104949
tile_r4_c1.tiff,180,0.544485331,28.51250124
tile_r4_c2.tiff,0,0.365677685,22.43304127
tile_r4_c2.tiff,10,0.334189028,21.36242694
tile_r4_c2.tiff,20,0.326057553,21.08595681
tile_r4_c2.tiff,30,0.329823405,21.21399575
tile_r4_c2.tiff,40,0.348919928,21.86327755
tile_r4_c2.tiff,50,0.368940383,22.54397303
tile_r4_c2.tiff,60,0.366193861,22.45059127
tile_r4_c2.tiff,70,0.355449885,22.08529609
tile_r4_c2.tiff,80,0.356476724,22.12020862
tile_r4_c2.tiff,90,0.370453358,22.59541416
tile_r4_c2.tiff,100,0.36458987,22.39605558
tile_r4_c2.tiff,110,0.356212676,22.11123097
tile_r4_c2.tiff,120,0.353370458,22.01459557
tile_r4_c2.tiff,130,0.336858481,21.45318836
tile_r4_c2.tiff,140,0.315260977,20.7188732
tile_r4_c2.tiff,150,0.303499341,20.31897759
tile_r4_c2.tiff,160,0.328004986,21.15216953
tile_r4_c2.tiff,170,0.356063604,22.10616255
tile_r4_c2.tiff,180,0.372093171,22.65116781
tile_r4_c3.tiff,0,0.701967597,33.8668983
tile_r4_c3.tiff,10,0.683436632,33.23684549
tile_r4_c3.tiff,20,0.632270038,31.4971813
tile_r4_c3.tiff,30,0.617150903,30.98313069
tile_r4_c3.tiff,40,0.652668893,32.19074237
tile_r4_c3.tiff,50,0.711879849,34.20391488
tile_r4_c3.tiff,60,0.715532184,34.32809424
tile_r4_c3.tiff,70,0.686322033,33.33494914
tile_r4_c3.tiff,80,0.688662708,33.41453207
tile_r4_c3.tiff,90,0.72688508,34.71409273
tile_r4_c3.tiff,100,0.725300491,34.66021669
tile_r4_c3.tiff,110,0.698148251,33.73704052
tile_r4_c3.tiff,120,0.674039543,32.91734445
tile_r4_c3.tiff,130,0.613278925,30.85148346
tile_r4_c3.tiff,140,0.545024395,28.53082943
tile_r4_c3.tiff,150,0.529348731,27.99785686
tile_r4_c3.tiff,160,0.646021068,31.96471632
tile_r4_c3.tiff,170,0.771509826,36.23133409
tile_r4_c3.tiff,180,0.809076607,37.50860465
tile_r4_c4.tiff,0,0.599851608,30.39495468
tile_r4_c4.tiff,10,0.546324909,28.5750469
tile_r4_c4.tiff,20,0.503281534,27.11157215
tile_r4_c4.tiff,30,0.486951262,26.5563429
tile_r4_c4.tiff,40,0.505761027,27.19587493
tile_r4_c4.tiff,50,0.538888395,28.32220542
tile_r4_c4.tiff,60,0.532571316,28.10742474
tile_r4_c4.tiff,70,0.506014884,27.20450604
tile_r4_c4.tiff,80,0.503995121,27.1358341
tile_r4_c4.tiff,90,0.530892193,28.05033457
tile_r4_c4.tiff,100,0.529456377,28.00151682
tile_r4_c4.tiff,110,0.514683485,27.49923849
tile_r4_c4.tiff,120,0.507608652,27.25869417
tile_r4_c4.tiff,130,0.474867016,26.14547855
tile_r4_c4.tiff,140,0.437201023,24.86483479
tile_r4_c4.tiff,150,0.436697274,24.84770733
tile_r4_c4.tiff,160,0.527131498,27.92247093
tile_r4_c4.tiff,170,0.619601786,31.06646073
tile_r4_c4.tiff,180,0.644909263,31.92691493
tile_r4_c5.tiff,0,0.787725985,36.78268349
tile_r4_c5.tiff,10,0.688129723,33.39641058
tile_r4_c5.tiff,20,0.598442614,30.34704888
tile_r4_c5.tiff,30,0.555653989,28.89223564
tile_r4_c5.tiff,40,0.576376498,29.59680092
tile_r4_c5.tiff,50,0.631960392,31.48665333
tile_r4_c5.tiff,60,0.642884672,31.85807884
tile_r4_c5.tiff,70,0.634364486,31.56839252
tile_r4_c5.tiff,80,0.649352252,32.07797658
tile_r4_c5.tiff,90,0.688755274,33.41767931
tile_r4_c5.tiff,100,0.68439883,33.26956022
tile_r4_c5.tiff,110,0.652699232,32.19177389
tile_r4_c5.tiff,120,0.629177988,31.39205158
tile_r4_c5.tiff,130,0.571675777,29.43697643
tile_r4_c5.tiff,140,0.517032802,27.57911527
tile_r4_c5.tiff,150,0.52847445,27.9681313
tile_r4_c5.tiff,160,0.679654896,33.10826647
tile_r4_c5.tiff,170,0.831561208,38.27308106
tile_r4_c5.tiff,180,0.857064664,39.14019859
tile_r4_c6.tiff,0,0.69266206,33.55051005
tile_r4_c6.tiff,10,0.587843239,29.98667014
tile_r4_c6.tiff,20,0.509728611,27.33077276
tile_r4_c6.tiff,30,0.473855227,26.11107773
tile_r4_c6.tiff,40,0.494856834,26.82513237
tile_r4_c6.tiff,50,0.544623017,28.51718259
tile_r4_c6.tiff,60,0.557504892,28.95516634
tile_r4_c6.tiff,70,0.554433227,28.8507297
tile_r4_c6.tiff,80,0.569585741,29.36591518
tile_r4_c6.tiff,90,0.603774071,30.52831841
tile_r4_c6.tiff,100,0.601092517,30.43714559
tile_r4_c6.tiff,110,0.578945696,29.68415368
tile_r4_c6.tiff,120,0.566300154,29.25420523
tile_r4_c6.tiff,130,0.524069905,27.81837678
tile_r4_c6.tiff,140,0.480817229,26.34778577
tile_r4_c6.tiff,150,0.4880822,26.59479481
tile_r4_c6.tiff,160,0.60456717,30.55528378
tile_r4_c6.tiff,170,0.719589651,34.46604812
tile_r4_c6.tiff,180,0.733947933,34.95422971
tile_r4_c7.tiff,0,0.45744732,25.55320889
tile_r4_c7.tiff,10,0.435241967,24.79822689
tile_r4_c7.tiff,20,0.434670329,24.77879119
tile_r4_c7.tiff,30,0.439588517,24.94600958
tile_r4_c7.tiff,40,0.451303214,25.34430927
tile_r4_c7.tiff,50,0.461501718,25.6910584
tile_r4_c7.tiff,60,0.437290043,24.86786145
tile_r4_c7.tiff,70,0.396556288,23.48291379
tile_r4_c7.tiff,80,0.382013828,22.98847014
tile_r4_c7.tiff,90,0.398417234,23.54618597
tile_r4_c7.tiff,100,0.396673381,23.48689497
tile_r4_c7.tiff,110,0.391949624,23.32628721
tile_r4_c7.tiff,120,0.390692562,23.2835471
tile_r4_c7.tiff,130,0.371737808,22.63908547
tile_r4_c7.tiff,140,0.345958143,21.76257688
tile_r4_c7.tiff,150,0.335901737,21.42065907
tile_r4_c7.tiff,160,0.381331533,22.96527213
tile_r4_c7.tiff,170,0.4340038,24.75612921
tile_r4_c7.tiff,180,0.468231708,25.91987807
tile_r4_c8.tiff,0,0.818692327,37.8355391
tile_r4_c8.tiff,10,0.699692011,33.78952837
tile_r4_c8.tiff,20,0.615855157,30.93907535
tile_r4_c8.tiff,30,0.57482636,29.54409623
tile_r4_c8.tiff,40,0.592704475,30.15195215
tile_r4_c8.tiff,50,0.643673062,31.88488412
tile_r4_c8.tiff,60,0.647896171,32.0284698
tile_r4_c8.tiff,70,0.631352484,31.46598446
tile_r4_c8.tiff,80,0.641269565,31.8031652
tile_r4_c8.tiff,90,0.679431975,33.10068715
tile_r4_c8.tiff,100,0.674710393,32.94015336
tile_r4_c8.tiff,110,0.643111885,31.86580408
tile_r4_c8.tiff,120,0.618818998,31.03984594
tile_r4_c8.tiff,130,0.560456097,29.0555073
tile_r4_c8.tiff,140,0.505867064,27.19948018
tile_r4_c8.tiff,150,0.518068194,27.61431861
tile_r4_c8.tiff,160,0.672444761,32.86312187
tile_r4_c8.tiff,170,0.828656495,38.17432082
tile_r4_c8.tiff,180,0.861057401,39.27595162
tile_r4_c9.tiff,0,0.591791391,30.12090731
tile_r4_c9.tiff,10,0.54753536,28.61620224
tile_r4_c9.tiff,20,0.486331731,26.53527886
tile_r4_c9.tiff,30,0.463510841,25.7593686
tile_r4_c9.tiff,40,0.494166583,26.80166382
tile_r4_c9.tiff,50,0.548611045,28.65277553
tile_r4_c9.tiff,60,0.566393912,29.257393
tile_r4_c9.tiff,70,0.566985488,29.27750659
tile_r4_c9.tiff,80,0.583710134,29.84614456
tile_r4_c9.tiff,90,0.616156757,30.94932973
tile_r4_c9.tiff,100,0.611942232,30.80603588
tile_r4_c9.tiff,110,0.588826835,30.0201124
tile_r4_c9.tiff,120,0.572906077,29.47880661
tile_r4_c9.tiff,130,0.528209507,27.95912325
tile_r4_c9.tiff,140,0.479308635,26.29649359
tile_r4_c9.tiff,150,0.472194403,26.05460972
tile_r4_c9.tiff,160,0.563600838,29.1624285
tile_r4_c9.tiff,170,0.657228768,32.34577811
tile_r4_c9.tiff,180,0.672128737,32.85237706
tile_r4_c10.tiff,0,0.503394127,27.11540031
tile_r4_c10.tiff,10,0.422416836,24.36217242
tile_r4_c10.tiff,20,0.394366026,23.40844488
tile_r4_c10.tiff,30,0.3800928,22.92315519
tile_r4_c10.tiff,40,0.383867383,23.05149102
tile_r4_c10.tiff,50,0.395372093,23.44265115
tile_r4_c10.tiff,60,0.381198823,22.96076
tile_r4_c10.tiff,70,0.36296466,22.34079844
tile_r4_c10.tiff,80,0.360537142,22.25826281
tile_r4_c10.tiff,90,0.376009583,22.78432584
tile_r4_c10.tiff,100,0.367760092,22.50384313
tile_r4_c10.tiff,110,0.353314877,22.0127058
tile_r4_c10.tiff,120,0.345356911,21.74213499
tile_r4_c10.tiff,130,0.323404282,20.9957456
tile_r4_c10.tiff,140,0.305213392,20.37725532
tile_r4_c10.tiff,150,0.31444779,20.69122487
tile_r4_c10.tiff,160,0.38577193,23.11624563
tile_r4_c10.tiff,170,0.459250063,25.61450213
tile_r4_c10.tiff,180,0.486178547,26.5300706
tile_r5_c1.tiff,0,0.569900453,29.37661541
tile_r5_c1.tiff,10,0.543893158,28.49236739
tile_r5_c1.tiff,20,0.532863617,28.11736298
tile_r5_c1.tiff,30,0.525559008,27.86900628
tile_r5_c1.tiff,40,0.524235129,27.8239944
tile_r5_c1.tiff,50,0.527585268,27.93789911
tile_r5_c1.tiff,60,0.490800172,26.68720585
tile_r5_c1.tiff,70,0.439846039,24.95476532
tile_r5_c1.tiff,80,0.422324538,24.3590343
tile_r5_c1.tiff,90,0.442097813,25.03132564
tile_r5_c1.tiff,100,0.436820179,24.85188609
tile_r5_c1.tiff,110,0.420941621,24.31201512
tile_r5_c1.tiff,120,0.405464977,23.78580922
tile_r5_c1.tiff,130,0.369369388,22.55855918
tile_r5_c1.tiff,140,0.335981905,21.42338479
tile_r5_c1.tiff,150,0.338191181,21.49850017
tile_r5_c1.tiff,160,0.430937171,24.65186381
tile_r5_c1.tiff,170,0.535875857,28.21977913
tile_r5_c1.tiff,180,0.591989458,30.12764156
tile_r5_c2.tiff,0,0.457872152,25.56765318
tile_r5_c2.tiff,10,0.398371905,23.54464477
tile_r5_c2.tiff,20,0.363435864,22.35681939
tile_r5_c2.tiff,30,0.35297209,22.00105107
tile_r5_c2.tiff,40,0.373487085,22.69856089
tile_r5_c2.tiff,50,0.403076887,23.70461416
tile_r5_c2.tiff,60,0.408904076,23.90273857
tile_r5_c2.tiff,70,0.403355986,23.71410352
tile_r5_c2.tiff,80,0.411134809,23.97858351
tile_r5_c2.tiff,90,0.433644801,24.74392325
tile_r5_c2.tiff,100,0.435124934,24.79424775
tile_r5_c2.tiff,110,0.431505293,24.67117995
tile_r5_c2.tiff,120,0.436626494,24.84530079
tile_r5_c2.tiff,130,0.422502011,24.36506838
tile_r5_c2.tiff,140,0.398617417,23.55299217
tile_r5_c2.tiff,150,0.391462415,23.30972213
tile_r5_c2.tiff,160,0.432777762,24.71444392
tile_r5_c2.tiff,170,0.472903281,26.07871157
tile_r5_c2.tiff,180,0.476027519,26.18493563
tile_r5_c3.tiff,0,0.528784454,27.97867143
tile_r5_c3.tiff,10,0.476124972,26.18824905
tile_r5_c3.tiff,20,0.440320939,24.97091192
tile_r5_c3.tiff,30,0.432169974,24.69377911
tile_r5_c3.tiff,40,0.461129397,25.6783995
tile_r5_c3.tiff,50,0.501970589,27.06700003
tile_r5_c3.tiff,60,0.506842613,27.23264885
tile_r5_c3.tiff,70,0.490236729,26.6680488
tile_r5_c3.tiff,80,0.492077857,26.73064715
tile_r5_c3.tiff,90,0.517468393,27.59392536
tile_r5_c3.tiff,100,0.519744575,27.67131555
tile_r5_c3.tiff,110,0.513913751,27.47306752
tile_r5_c3.tiff,120,0.515616953,27.53097641
tile_r5_c3.tiff,130,0.492344707,26.73972005
tile_r5_c3.tiff,140,0.456062406,25.50612181
tile_r5_c3.tiff,150,0.442293674,25.03798491
tile_r5_c3.tiff,160,0.4963018,26.8742612
tile_r5_c3.tiff,170,0.551995099,28.76783335
tile_r5_c3.tiff,180,0.562860548,29.13725865
tile_r5_c4.tiff,0,0.385667533,23.11269611
tile_r5_c4.tiff,10,0.315314144,20.72068089
tile_r5_c4.tiff,20,0.295006037,20.03020525
tile_r5_c4.tiff,30,0.286702037,19.74786925
tile_r5_c4.tiff,40,0.2923204,19.93889362
tile_r5_c4.tiff,50,0.301754743,20.25966126
tile_r5_c4.tiff,60,0.294979423,20.02930039
tile_r5_c4.tiff,70,0.289225429,19.8336646
tile_r5_c4.tiff,80,0.293235719,19.97001445
tile_r5_c4.tiff,90,0.30588302,20.40002269
tile_r5_c4.tiff,100,0.300117433,20.20399272
tile_r5_c4.tiff,110,0.29334712,19.97380209
tile_r5_c4.tiff,120,0.293695301,19.98564023
tile_r5_c4.tiff,130,0.283326834,19.63311237
tile_r5_c4.tiff,140,0.273427874,19.29654771
tile_r5_c4.tiff,150,0.2769216,19.4153344
tile_r5_c4.tiff,160,0.313859612,20.6712268
tile_r5_c4.tiff,170,0.350628287,21.92136174
tile_r5_c4.tiff,180,0.36257413,22.32752043
tile_r5_c5.tiff,0,0.580859303,29.74921632
tile_r5_c5.tiff,10,0.572283685,29.4576453
tile_r5_c5.tiff,20,0.545127869,28.53434753
tile_r5_c5.tiff,30,0.540253162,28.36860752
tile_r5_c5.tiff,40,0.566421032,29.25831509
tile_r5_c5.tiff,50,0.604779303,30.5624963
tile_r5_c5.tiff,60,0.596957207,30.29654503
tile_r5_c5.tiff,70,0.563281,29.15155399
tile_r5_c5.tiff,80,0.559381008,29.01895428
tile_r5_c5.tiff,90,0.589082301,30.02879822
tile_r5_c5.tiff,100,0.589012086,30.02641094
tile_r5_c5.tiff,110,0.57371825,29.50642049
tile_r5_c5.tiff,120,0.560179293,29.04609597
tile_r5_c5.tiff,130,0.516997278,27.57790744
tile_r5_c5.tiff,140,0.464725375,25.80066276
tile_r5_c5.tiff,150,0.447362393,25.21032137
tile_r5_c5.tiff,160,0.528311908,27.96260488
tile_r5_c5.tiff,170,0.61874944,31.03748095
tile_r5_c5.tiff,180,0.654397726,32.24952269
tile_r5_c6.tiff,0,0.547808826,28.62550008
tile_r5_c6.tiff,10,0.525754631,27.87565744
tile_r5_c6.tiff,20,0.503773808,27.12830949
tile_r5_c6.tiff,30,0.498158276,26.93738139
tile_r5_c6.tiff,40,0.515299201,27.52017283
tile_r5_c6.tiff,50,0.540715337,28.38432145
tile_r5_c6.tiff,60,0.526680529,27.90713799
tile_r5_c6.tiff,70,0.495063454,26.83215743
tile_r5_c6.tiff,80,0.489750236,26.65150803
tile_r5_c6.tiff,90,0.513551533,27.46075213
tile_r5_c6.tiff,100,0.508786201,27.29873085
tile_r5_c6.tiff,110,0.490445763,26.67515594
tile_r5_c6.tiff,120,0.474880844,26.14594871
tile_r5_c6.tiff,130,0.435884863,24.82008535
tile_r5_c6.tiff,140,0.394235283,23.40399963
tile_r5_c6.tiff,150,0.386451542,23.13935244
tile_r5_c6.tiff,160,0.466880471,25.873936
tile_r5_c6.tiff,170,0.556130648,28.90844202
tile_r5_c6.tiff,180,0.59486413,30.22538042
tile_r5_c7.tiff,0,0.708472133,34.08805251
tile_r5_c7.tiff,10,0.639882505,31.75600517
tile_r5_c7.tiff,20,0.555046976,28.87159717
tile_r5_c7.tiff,30,0.521260083,27.72284281
tile_r5_c7.tiff,40,0.557443082,28.9530648
tile_r5_c7.tiff,50,0.627136886,31.32265413
tile_r5_c7.tiff,60,0.652368248,32.18052042
tile_r5_c7.tiff,70,0.6535182,32.2196188
tile_r5_c7.tiff,80,0.673666775,32.90467036
tile_r5_c7.tiff,90,0.713946164,34.27416956
tile_r5_c7.tiff,100,0.712898493,34.23854876
tile_r5_c7.tiff,110,0.686954498,33.35645294
tile_r5_c7.tiff,120,0.670017064,32.78058016
tile_r5_c7.tiff,130,0.61722523,30.98565781
tile_r5_c7.tiff,140,0.558614016,28.99287653
tile_r5_c7.tiff,150,0.554426968,28.85051692
tile_r5_c7.tiff,160,0.673733175,32.90692794
tile_r5_c7.tiff,170,0.792967975,36.96091115
tile_r5_c7.tiff,180,0.804151356,37.34114611
tile_r5_c8.tiff,0,0.627305388,31.32838321
tile_r5_c8.tiff,10,0.595837295,30.25846803
tile_r5_c8.tiff,20,0.565671265,29.23282301
tile_r5_c8.tiff,30,0.555623114,28.89118588
tile_r5_c8.tiff,40,0.573370993,29.49461377
tile_r5_c8.tiff,50,0.603115499,30.50592697
tile_r5_c8.tiff,60,0.585434318,29.9047668
tile_r5_c8.tiff,70,0.540639997,28.38175988
tile_r5_c8.tiff,80,0.529797196,28.01310468
tile_r5_c8.tiff,90,0.558243573,28.98028147
tile_r5_c8.tiff,100,0.559259593,29.01482618
tile_r5_c8.tiff,110,0.547364533,28.61039412
tile_r5_c8.tiff,120,0.539467931,28.34190965
tile_r5_c8.tiff,130,0.502759159,27.09381139
tile_r5_c8.tiff,140,0.45807305,25.57448369
tile_r5_c8.tiff,150,0.450373024,25.31268281
tile_r5_c8.tiff,160,0.542732894,28.45291841
tile_r5_c8.tiff,170,0.642201006,31.83483422
tile_r5_c8.tiff,180,0.680878758,33.14987779
tile_r5_c9.tiff,0,0.599082708,30.36881208
tile_r5_c9.tiff,10,0.586015344,29.92452168
tile_r5_c9.tiff,20,0.578560591,29.67106009
tile_r5_c9.tiff,30,0.574936092,29.54782712
tile_r5_c9.tiff,40,0.576599717,29.60439038
tile_r5_c9.tiff,50,0.58144486,29.76912522
tile_r5_c9.tiff,60,0.539023399,28.32679558
tile_r5_c9.tiff,70,0.472015113,26.04851383
tile_r5_c9.tiff,80,0.446189761,25.17045188
tile_r5_c9.tiff,90,0.468725532,25.9366681
tile_r5_c9.tiff,100,0.46989736,25.97651023
tile_r5_c9.tiff,110,0.461975724,25.7071746
tile_r5_c9.tiff,120,0.455376983,25.48281741
tile_r5_c9.tiff,130,0.423787028,24.40875894
tile_r5_c9.tiff,140,0.387758255,23.18378067
tile_r5_c9.tiff,150,0.384854525,23.08505386
tile_r5_c9.tiff,160,0.475805521,26.17738771
tile_r5_c9.tiff,170,0.578043699,29.65348577
tile_r5_c9.tiff,180,0.634538829,31.5743202
tile_r5_c10.tiff,0,0.640818119,31.78781605
tile_r5_c10.tiff,10,0.56465292,29.19819927
tile_r5_c10.tiff,20,0.514615357,27.49692214
tile_r5_c10.tiff,30,0.492728561,26.75277108
tile_r5_c10.tiff,40,0.508123279,27.27619147
tile_r5_c10.tiff,50,0.541033089,28.39512503
tile_r5_c10.tiff,60,0.534501731,28.17305887
tile_r5_c10.tiff,70,0.509427547,27.32053661
tile_r5_c10.tiff,80,0.508973479,27.3050983
tile_r5_c10.tiff,90,0.537040472,28.25937605
tile_r5_c10.tiff,100,0.535230458,28.19783556
tile_r5_c10.tiff,110,0.518954694,27.64445961
tile_r5_c10.tiff,120,0.509997845,27.33992672
tile_r5_c10.tiff,130,0.474816561,26.14376307
tile_r5_c10.tiff,140,0.43692261,24.85536873
tile_r5_c10.tiff,150,0.440695137,24.98363465
tile_r5_c10.tiff,160,0.542019725,28.42867064
tile_r5_c10.tiff,170,0.645276129,31.93938839
tile_r5_c10.tiff,180,0.672029614,32.84900689
tile_r6_c1.tiff,0,0.814918518,37.70722961
tile_r6_c1.tiff,10,0.741830766,35.22224605
tile_r6_c1.tiff,20,0.685008287,33.29028177
tile_r6_c1.tiff,30,0.651040375,32.13537276
tile_r6_c1.tiff,40,0.648350656,32.04392231
tile_r6_c1.tiff,50,0.669041455,32.74740946
tile_r6_c1.tiff,60,0.637628615,31.67937291
tile_r6_c1.tiff,70,0.582276464,29.79739976
tile_r6_c1.tiff,80,0.56877315,29.33828712
tile_r6_c1.tiff,90,0.603310227,30.51254773
tile_r6_c1.tiff,100,0.603885591,30.5321101
tile_r6_c1.tiff,110,0.583082736,29.82481301
tile_r6_c1.tiff,120,0.56514883,29.21506023
tile_r6_c1.tiff,130,0.514086187,27.47893035
tile_r6_c1.tiff,140,0.466684341,25.86726761
tile_r6_c1.tiff,150,0.48182109,26.38191706
tile_r6_c1.tiff,160,0.640233755,31.76794767
tile_r6_c1.tiff,170,0.805939019,37.40192664
tile_r6_c1.tiff,180,0.862615764,39.32893598
tile_r6_c2.tiff,0,0.427659005,24.54040617
tile_r6_c2.tiff,10,0.417418271,24.19222122
tile_r6_c2.tiff,20,0.385705203,23.1139769
tile_r6_c2.tiff,30,0.383712769,23.04623413
tile_r6_c2.tiff,40,0.419415206,24.26011699
tile_r6_c2.tiff,50,0.465448171,25.82523781
tile_r6_c2.tiff,60,0.479839355,26.31453806
tile_r6_c2.tiff,70,0.46787405,25.9077177
tile_r6_c2.tiff,80,0.473198146,26.08873695
tile_r6_c2.tiff,90,0.500783205,27.02662897
tile_r6_c2.tiff,100,0.51111722,27.37798548
tile_r6_c2.tiff,110,0.519224882,27.65364599
tile_r6_c2.tiff,120,0.535410523,28.2039578
tile_r6_c2.tiff,130,0.525223196,27.85758865
tile_r6_c2.tiff,140,0.491293073,26.70396447
tile_r6_c2.tiff,150,0.466204822,25.85096395
tile_r6_c2.tiff,160,0.486684501,26.54727304
tile_r6_c2.tiff,170,0.505657375,27.19235075
tile_r6_c2.tiff,180,0.498999864,26.96599537
tile_r6_c3.tiff,0,0.360513359,22.25745422
tile_r6_c3.tiff,10,0.317453474,20.79341811
tile_r6_c3.tiff,20,0.284164131,19.66158044
tile_r6_c3.tiff,30,0.270485371,19.19650263
tile_r6_c3.tiff,40,0.279770881,19.51220995
tile_r6_c3.tiff,50,0.297287881,20.10778797
tile_r6_c3.tiff,60,0.302768439,20.29412693
tile_r6_c3.tiff,70,0.307681054,20.46115583
tile_r6_c3.tiff,80,0.319517523,20.86359578
tile_r6_c3.tiff,90,0.337352365,21.46998042
tile_r6_c3.tiff,100,0.337407172,21.47184384
tile_r6_c3.tiff,110,0.334469825,21.37197405
tile_r6_c3.tiff,120,0.339535385,21.5442031
tile_r6_c3.tiff,130,0.330892891,21.25035828
tile_r6_c3.tiff,140,0.3186315,20.833471
tile_r6_c3.tiff,150,0.320176154,20.88598925
tile_r6_c3.tiff,160,0.354596704,22.05628794
tile_r6_c3.tiff,170,0.385423541,23.1044004
tile_r6_c3.tiff,180,0.384088188,23.05899841
tile_r6_c4.tiff,0,0.536227703,28.23174191
tile_r6_c4.tiff,10,0.503465056,27.11781192
tile_r6_c4.tiff,20,0.479131907,26.29048485
tile_r6_c4.tiff,30,0.47404924,26.11767417
tile_r6_c4.tiff,40,0.494018376,26.79662478
tile_r6_c4.tiff,50,0.521382034,27.72698915
tile_r6_c4.tiff,60,0.509187281,27.31236756
tile_r6_c4.tiff,70,0.473810107,26.10954362
tile_r6_c4.tiff,80,0.464949131,25.80827045
tile_r6_c4.tiff,90,0.488429278,26.60659546
tile_r6_c4.tiff,100,0.489645004,26.64793015
tile_r6_c4.tiff,110,0.482971966,26.42104685
tile_r6_c4.tiff,120,0.482648432,26.4100467
tile_r6_c4.tiff,130,0.458446264,25.58717299
tile_r6_c4.tiff,140,0.424077839,24.41864651
tile_r6_c4.tiff,150,0.415130883,24.11445004
tile_r6_c4.tiff,160,0.480660707,26.34246403
tile_r6_c4.tiff,170,0.54981631,28.69375455
tile_r6_c4.tiff,180,0.575630784,29.57144666
tile_r6_c5.tiff,0,0.691043139,33.49546671
tile_r6_c5.tiff,10,0.641576767,31.81361008
tile_r6_c5.tiff,20,0.607855618,30.66709101
tile_r6_c5.tiff,30,0.589725792,30.05067694
tile_r6_c5.tiff,40,0.594892263,30.22633696
tile_r6_c5.tiff,50,0.615815699,30.93773377
tile_r6_c5.tiff,60,0.590772867,30.08627748
tile_r6_c5.tiff,70,0.549391925,28.67932546
tile_r6_c5.tiff,80,0.542653978,28.45023525
tile_r6_c5.tiff,90,0.57162255,29.43516672
tile_r6_c5.tiff,100,0.56373924,29.16713417
tile_r6_c5.tiff,110,0.534416139,28.17014873
tile_r6_c5.tiff,120,0.504805088,27.16337299
tile_r6_c5.tiff,130,0.447581708,25.21777809
tile_r6_c5.tiff,140,0.396876246,23.49379236
tile_r6_c5.tiff,150,0.399743825,23.59129006
tile_r6_c5.tiff,160,0.527426422,27.93249834
tile_r6_c5.tiff,170,0.668504536,32.72915423
tile_r6_c5.tiff,180,0.728439331,34.76693726
tile_r6_c6.tiff,0,0.511951625,27.40635526
tile_r6_c6.tiff,10,0.52038908,27.69322872
tile_r6_c6.tiff,20,0.51833874,27.62351716
tile_r6_c6.tiff,30,0.52433151,27.82727134
tile_r6_c6.tiff,40,0.541038632,28.3953135
tile_r6_c6.tiff,50,0.55941695,29.02017629
tile_r6_c6.tiff,60,0.532431841,28.10268259
tile_r6_c6.tiff,70,0.477720797,26.2425071
tile_r6_c6.tiff,80,0.458254665,25.58065861
tile_r6_c6.tiff,90,0.480897248,26.35050642
tile_r6_c6.tiff,100,0.48440364,26.46972376
tile_r6_c6.tiff,110,0.481520295,26.37169003
tile_r6_c6.tiff,120,0.480031818,26.32108182
tile_r6_c6.tiff,130,0.453103155,25.40550727
tile_r6_c6.tiff,140,0.413976282,24.07519358
tile_r6_c6.tiff,150,0.396297932,23.47412968
tile_r6_c6.tiff,160,0.454383284,25.44903165
tile_r6_c6.tiff,170,0.522500932,27.7650317
tile_r6_c6.tiff,180,0.563462734,29.15773296
tile_r6_c7.tiff,0,0.707459092,34.05360913
tile_r6_c7.tiff,10,0.651895225,32.16443765
tile_r6_c7.tiff,20,0.61483109,30.90425706
tile_r6_c7.tiff,30,0.593807638,30.18945968
tile_r6_c7.tiff,40,0.595355093,30.24207318
tile_r6_c7.tiff,50,0.613008559,30.842291
tile_r6_c7.tiff,60,0.584061444,29.85808909
tile_r6_c7.tiff,70,0.537191153,28.26449919
tile_r6_c7.tiff,80,0.526829481,27.91220236
tile_r6_c7.tiff,90,0.556024492,28.90483272
tile_r6_c7.tiff,100,0.551860392,28.76325333
tile_r6_c7.tiff,110,0.528148532,27.95705009
tile_r6_c7.tiff,120,0.504843831,27.16469026
tile_r6_c7.tiff,130,0.453351945,25.41396612
tile_r6_c7.tiff,140,0.406526417,23.82189816
tile_r6_c7.tiff,150,0.412745506,24.03334719
tile_r6_c7.tiff,160,0.543155193,28.46727657
tile_r6_c7.tiff,170,0.685136855,33.29465306
tile_r6_c7.tiff,180,0.742626131,35.24928844
tile_r6_c8.tiff,0,0.554910719,28.86696446
tile_r6_c8.tiff,10,0.46066919,25.66275245
tile_r6_c8.tiff,20,0.40612945,23.80840129
tile_r6_c8.tiff,30,0.376249015,22.79246652
tile_r6_c8.tiff,40,0.377663583,22.84056181
tile_r6_c8.tiff,50,0.395577461,23.44963366
tile_r6_c8.tiff,60,0.389507711,23.24326217
tile_r6_c8.tiff,70,0.378649622,22.87408715
tile_r6_c8.tiff,80,0.382258326,22.99678308
tile_r6_c8.tiff,90,0.403024942,23.70284802
tile_r6_c8.tiff,100,0.40013957,23.60474539
tile_r6_c8.tiff,110,0.38961345,23.24685729
tile_r6_c8.tiff,120,0.38850531,23.20918053
tile_r6_c8.tiff,130,0.369872183,22.57565421
tile_r6_c8.tiff,140,0.353727192,22.02672452
tile_r6_c8.tiff,150,0.37207225,22.65045649
tile_r6_c8.tiff,160,0.460823059,25.66798401
tile_r6_c8.tiff,170,0.545892894,28.56035841
tile_r6_c8.tiff,180,0.560271084,29.04921687
tile_r6_c9.tiff,0,0.583907306,29.85284841
tile_r6_c9.tiff,10,0.52933228,27.99729753
tile_r6_c9.tiff,20,0.461914748,25.70510143
tile_r6_c9.tiff,30,0.434227169,24.76372373
tile_r6_c9.tiff,40,0.459500045,25.62300152
tile_r6_c9.tiff,50,0.508384585,27.2850759
tile_r6_c9.tiff,60,0.524751484,27.84155047
tile_r6_c9.tiff,70,0.526556313,27.90291464
tile_r6_c9.tiff,80,0.543532491,28.48010468
tile_r6_c9.tiff,90,0.575709701,29.57412982
tile_r6_c9.tiff,100,0.574965358,29.54882216
tile_r6_c9.tiff,110,0.55780077,28.96522617
tile_r6_c9.tiff,120,0.54970938,28.69011891
tile_r6_c9.tiff,130,0.513887882,27.472188
tile_r6_c9.tiff,140,0.47330147,26.09224999
tile_r6_c9.tiff,150,0.472851783,26.07696062
tile_r6_c9.tiff,160,0.563229978,29.14981925
tile_r6_c9.tiff,170,0.652205408,32.17498386
tile_r6_c9.tiff,180,0.659329236,32.41719401
tile_r6_c10.tiff,0,0.729922712,34.8173722
tile_r6_c10.tiff,10,0.633983314,31.55543268
tile_r6_c10.tiff,20,0.571130037,29.41842127
tile_r6_c10.tiff,30,0.536399364,28.23757839
tile_r6_c10.tiff,40,0.539704561,28.34995508
tile_r6_c10.tiff,50,0.566390336,29.25727141
tile_r6_c10.tiff,60,0.552340746,28.77958536
tile_r6_c10.tiff,70,0.524414539,27.83009434
tile_r6_c10.tiff,80,0.524384618,27.82907701
tile_r6_c10.tiff,90,0.554254711,28.84466016
tile_r6_c10.tiff,100,0.547607541,28.6186564
tile_r6_c10.tiff,110,0.521536887,27.73225415
tile_r6_c10.tiff,120,0.501998663,27.06795454
tile_r6_c10.tiff,130,0.456183851,25.51025093
tile_r6_c10.tiff,140,0.417422354,24.19236004
tile_r6_c10.tiff,150,0.435854167,24.81904167
tile_r6_c10.tiff,160,0.575583279,29.56983149
tile_r6_c10.tiff,170,0.718154609,34.41725671
tile_r6_c10.tiff,180,0.757944286,35.77010572
tile_r7_c1.tiff,0,0.496846884,26.89279407
tile_r7_c1.tiff,10,0.507492602,27.25474846
tile_r7_c1.tiff,20,0.476648718,26.20605642
tile_r7_c1.tiff,30,0.475055754,26.15189564
tile_r7_c1.tiff,40,0.514213502,27.48325908
tile_r7_c1.tiff,50,0.567036331,29.27923524
tile_r7_c1.tiff,60,0.578983605,29.68544257
tile_r7_c1.tiff,70,0.566733956,29.26895452
tile_r7_c1.tiff,80,0.574447811,29.53122556
tile_r7_c1.tiff,90,0.604250669,30.54452276
tile_r7_c1.tiff,100,0.603477478,30.51823425
tile_r7_c1.tiff,110,0.588340223,30.00356758
tile_r7_c1.tiff,120,0.576627433,29.60533273
tile_r7_c1.tiff,130,0.536771894,28.25024438
tile_r7_c1.tiff,140,0.483978033,26.45525312
tile_r7_c1.tiff,150,0.457739383,25.56313902
tile_r7_c1.tiff,160,0.513342202,27.45363486
tile_r7_c1.tiff,170,0.576331854,29.59528303
tile_r7_c1.tiff,180,0.594205976,30.20300317
tile_r7_c2.tiff,0,0.724912882,34.64703798
tile_r7_c2.tiff,10,0.608368397,30.68452549
tile_r7_c2.tiff,20,0.535314858,28.20070517
tile_r7_c2.tiff,30,0.497952849,26.93039685
tile_r7_c2.tiff,40,0.508167863,27.27770734
tile_r7_c2.tiff,50,0.544727385,28.52073109
tile_r7_c2.tiff,60,0.542323947,28.4390142
tile_r7_c2.tiff,70,0.523731053,27.8068558
tile_r7_c2.tiff,80,0.528195739,27.95865512
tile_r7_c2.tiff,90,0.559279799,29.01551318
tile_r7_c2.tiff,100,0.557292998,28.94796193
tile_r7_c2.tiff,110,0.538445473,28.30714607
tile_r7_c2.tiff,120,0.528657079,27.97434068
tile_r7_c2.tiff,130,0.491190612,26.70048082
tile_r7_c2.tiff,140,0.454817802,25.46380526
tile_r7_c2.tiff,150,0.470229179,25.98779207
tile_r7_c2.tiff,160,0.596910417,30.29495418
tile_r7_c2.tiff,170,0.722427547,34.5625366
tile_r7_c2.tiff,180,0.745761573,35.35589349
tile_r7_c3.tiff,0,0.657590389,32.35807323
tile_r7_c3.tiff,10,0.56164515,29.09593511
tile_r7_c3.tiff,20,0.481091887,26.35712415
tile_r7_c3.tiff,30,0.443774968,25.08834893
tile_r7_c3.tiff,40,0.466032892,25.84511834
tile_r7_c3.tiff,50,0.518840492,27.64057672
tile_r7_c3.tiff,60,0.539632797,28.34751511
tile_r7_c3.tiff,70,0.550619841,28.72107458
tile_r7_c3.tiff,80,0.574356198,29.52811074
tile_r7_c3.tiff,90,0.608352721,30.68399251
tile_r7_c3.tiff,100,0.602330804,30.47924733
tile_r7_c3.tiff,110,0.5749318,29.54768121
tile_r7_c3.tiff,120,0.555523753,28.88780761
tile_r7_c3.tiff,130,0.508105278,27.27557945
tile_r7_c3.tiff,140,0.46299547,25.74184597
tile_r7_c3.tiff,150,0.469354302,25.95804626
tile_r7_c3.tiff,160,0.583032548,29.82310665
tile_r7_c3.tiff,170,0.696600676,33.68442297
tile_r7_c3.tiff,180,0.709104359,34.10954821
tile_r7_c4.tiff,0,0.707744956,34.0633285
tile_r7_c4.tiff,10,0.636455357,31.63948214
tile_r7_c4.tiff,20,0.604793131,30.56296647
tile_r7_c4.tiff,30,0.585570812,29.90940762
tile_r7_c4.tiff,40,0.584023416,29.85679615
tile_r7_c4.tiff,50,0.594989955,30.22965848
tile_r7_c4.tiff,60,0.559856296,29.03511405
tile_r7_c4.tiff,70,0.50473249,27.16090465
tile_r7_c4.tiff,80,0.487117618,26.56199902
tile_r7_c4.tiff,90,0.513131738,27.44647908
tile_r7_c4.tiff,100,0.510688484,27.36340845
tile_r7_c4.tiff,110,0.493060857,26.76406914
tile_r7_c4.tiff,120,0.477969289,26.25095582
tile_r7_c4.tiff,130,0.436710745,24.84816533
tile_r7_c4.tiff,140,0.397978634,23.53127354
tile_r7_c4.tiff,150,0.406807423,23.83145237
tile_r7_c4.tiff,160,0.529628336,28.00736344
tile_r7_c4.tiff,170,0.661652505,32.49618518
tile_r7_c4.tiff,180,0.717973411,34.41109598
tile_r7_c5.tiff,0,0.593853474,30.1910181
tile_r7_c5.tiff,10,0.513309598,27.45252633
tile_r7_c5.tiff,20,0.476779163,26.21049154
tile_r7_c5.tiff,30,0.456253707,25.51262605
tile_r7_c5.tiff,40,0.456614703,25.5248999
tile_r7_c5.tiff,50,0.468584538,25.93187428
tile_r7_c5.tiff,60,0.446847647,25.19282001
tile_r7_c5.tiff,70,0.41408354,24.07884037
tile_r7_c5.tiff,80,0.40578559,23.79671007
tile_r7_c5.tiff,90,0.42620647,24.49101996
tile_r7_c5.tiff,100,0.422142476,24.35284418
tile_r7_c5.tiff,110,0.409207553,23.91305679
tile_r7_c5.tiff,120,0.402491599,23.68471438
tile_r7_c5.tiff,130,0.376320153,22.79488522
tile_r7_c5.tiff,140,0.352583796,21.98784906
tile_r7_c5.tiff,150,0.3651447,22.41491979
tile_r7_c5.tiff,160,0.460657716,25.66236234
tile_r7_c5.tiff,170,0.55896312,29.00474608
tile_r7_c5.tiff,180,0.593163788,30.1675688
tile_r7_c6.tiff,0,0.571230114,29.42182386
tile_r7_c6.tiff,10,0.574294806,29.52602339
tile_r7_c6.tiff,20,0.564972341,29.2090596
tile_r7_c6.tiff,30,0.569775105,29.37235355
tile_r7_c6.tiff,40,0.595881522,30.25997174
tile_r7_c6.tiff,50,0.62867409,31.37491906
tile_r7_c6.tiff,60,0.611596406,30.79427779
tile_r7_c6.tiff,70,0.565447032,29.2251991
tile_r7_c6.tiff,80,0.553557098,28.82094133
tile_r7_c6.tiff,90,0.581064403,29.7561897
tile_r7_c6.tiff,100,0.58023268,29.72791111
tile_r7_c6.tiff,110,0.565320194,29.22088659
tile_r7_c6.tiff,120,0.55020088,28.70682991
tile_r7_c6.tiff,130,0.50591892,27.20124328
tile_r7_c6.tiff,140,0.451659709,25.35643011
tile_r7_c6.tiff,150,0.428412348,24.56601983
tile_r7_c6.tiff,160,0.501334369,27.04536855
tile_r7_c6.tiff,170,0.587615967,29.97894287
tile_r7_c6.tiff,180,0.633906782,31.55283058
tile_r7_c7.tiff,0,0.527297199,27.92810476
tile_r7_c7.tiff,10,0.512568355,27.42732406
tile_r7_c7.tiff,20,0.50854969,27.29068947
tile_r7_c7.tiff,30,0.512037754,27.40928364
tile_r7_c7.tiff,40,0.526271284,27.89322364
tile_r7_c7.tiff,50,0.541922331,28.42535925
tile_r7_c7.tiff,60,0.51481545,27.50372529
tile_r7_c7.tiff,70,0.46397981,25.77531356
tile_r7_c7.tiff,80,0.445611209,25.1507811
tile_r7_c7.tiff,90,0.466253221,25.85260952
tile_r7_c7.tiff,100,0.466342658,25.85565037
tile_r7_c7.tiff,110,0.459157228,25.61134577
tile_r7_c7.tiff,120,0.454305798,25.44639713
tile_r7_c7.tiff,130,0.426406235,24.49781197
tile_r7_c7.tiff,140,0.390261292,23.26888394
tile_r7_c7.tiff,150,0.377897233,22.84850591
tile_r7_c7.tiff,160,0.440983802,24.99344927
tile_r7_c7.tiff,170,0.513532877,27.46011782
tile_r7_c7.tiff,180,0.55630523,28.91437781
tile_r7_c8.tiff,0,0.496538788,26.88231879
tile_r7_c8.tiff,10,0.462138146,25.71269697
tile_r7_c8.tiff,20,0.460882634,25.67000955
tile_r7_c8.tiff,30,0.46234408,25.71969873
tile_r7_c8.tiff,40,0.467596203,25.89827091
tile_r7_c8.tiff,50,0.471910506,26.04495722
tile_r7_c8.tiff,60,0.440884948,24.99008822
tile_r7_c8.tiff,70,0.395516783,23.44757062
tile_r7_c8.tiff,80,0.378581852,22.87178296
tile_r7_c8.tiff,90,0.394939691,23.42794949
tile_r7_c8.tiff,100,0.392319441,23.33886099
tile_r7_c8.tiff,110,0.385580093,23.10972315
tile_r7_c8.tiff,120,0.381195158,22.96063536
tile_r7_c8.tiff,130,0.359074503,22.20853311
tile_r7_c8.tiff,140,0.333383709,21.33504611
tile_r7_c8.tiff,150,0.327758312,21.14378262
tile_r7_c8.tiff,160,0.385344476,23.10171217
tile_r7_c8.tiff,170,0.452113032,25.3718431
tile_r7_c8.tiff,180,0.494231164,26.80385959
tile_r7_c9.tiff,0,0.603598833,30.52236032
tile_r7_c9.tiff,10,0.6145643,30.89518619
tile_r7_c9.tiff,20,0.616784453,30.97067142
tile_r7_c9.tiff,30,0.616748512,30.9694494
tile_r7_c9.tiff,40,0.615304053,30.9203378
tile_r7_c9.tiff,50,0.615680516,30.93313754
tile_r7_c9.tiff,60,0.566340804,29.25558734
tile_r7_c9.tiff,70,0.494686574,26.81934351
tile_r7_c9.tiff,80,0.467188597,25.88441229
tile_r7_c9.tiff,90,0.489502907,26.64309883
tile_r7_c9.tiff,100,0.486869544,26.55356449
tile_r7_c9.tiff,110,0.471312076,26.02461058
tile_r7_c9.tiff,120,0.452812374,25.3956207
tile_r7_c9.tiff,130,0.408805043,23.89937145
tile_r7_c9.tiff,140,0.365269452,22.41916138
tile_r7_c9.tiff,150,0.360095114,22.24323386
tile_r7_c9.tiff,160,0.460622936,25.66117984
tile_r7_c9.tiff,170,0.578832209,29.68029511
tile_r7_c9.tiff,180,0.650953948,32.13243425
tile_r7_c10.tiff,0,0.697443128,33.71306634
tile_r7_c10.tiff,10,0.625190914,31.25649107
tile_r7_c10.tiff,20,0.580028474,29.72096813
tile_r7_c10.tiff,30,0.559159338,29.01141751
tile_r7_c10.tiff,40,0.57073617,29.40502977
tile_r7_c10.tiff,50,0.59875828,30.35778153
tile_r7_c10.tiff,60,0.580874741,29.7497412
tile_r7_c10.tiff,70,0.539843917,28.35469317
tile_r7_c10.tiff,80,0.531591058,28.07409596
tile_r7_c10.tiff,90,0.56138736,29.08717024
tile_r7_c10.tiff,100,0.561172783,29.07987463
tile_r7_c10.tiff,110,0.545533121,28.5481261
tile_r7_c10.tiff,120,0.535668969,28.21274495
tile_r7_c10.tiff,130,0.497160137,26.90344465
tile_r7_c10.tiff,140,0.455564827,25.48920411
tile_r7_c10.tiff,150,0.459295124,25.61603421
tile_r7_c10.tiff,160,0.572844923,29.47672737
tile_r7_c10.tiff,170,0.690995276,33.49383938
tile_r7_c10.tiff,180,0.72913909,34.79072905
tile_r8_c1.tiff,0,0.454532355,25.45410007
tile_r8_c1.tiff,10,0.457450628,25.55332136
tile_r8_c1.tiff,20,0.453333169,25.41332775
tile_r8_c1.tiff,30,0.461512953,25.6914404
tile_r8_c1.tiff,40,0.486921847,26.55534279
tile_r8_c1.tiff,50,0.514813006,27.5036422
tile_r8_c1.tiff,60,0.504681766,27.15918005
tile_r8_c1.tiff,70,0.473883808,26.11204946
tile_r8_c1.tiff,80,0.467455417,25.89348418
tile_r8_c1.tiff,90,0.48928526,26.63569885
tile_r8_c1.tiff,100,0.488735497,26.6170069
tile_r8_c1.tiff,110,0.480571121,26.33941811
tile_r8_c1.tiff,120,0.473226935,26.08971578
tile_r8_c1.tiff,130,0.443158299,25.06738216
tile_r8_c1.tiff,140,0.402130932,23.67245167
tile_r8_c1.tiff,150,0.378388375,22.86520475
tile_r8_c1.tiff,160,0.419411927,24.26000553
tile_r8_c1.tiff,170,0.470518798,25.99763912
tile_r8_c1.tiff,180,0.50113225,27.03849649
tile_r8_c2.tiff,0,0.515816092,27.53774714
tile_r8_c2.tiff,10,0.493535399,26.78020358
tile_r8_c2.tiff,20,0.468686372,25.93533665
tile_r8_c2.tiff,30,0.466883898,25.87405252
tile_r8_c2.tiff,40,0.497065037,26.90021127
tile_r8_c2.tiff,50,0.537091494,28.26111078
tile_r8_c2.tiff,60,0.53853035,28.31003189
tile_r8_c2.tiff,70,0.518082559,27.61480701
tile_r8_c2.tiff,80,0.519372165,27.65865362
tile_r8_c2.tiff,90,0.545609474,28.55072212
tile_r8_c2.tiff,100,0.544353783,28.50802863
tile_r8_c2.tiff,110,0.531657994,28.07637179
tile_r8_c2.tiff,120,0.522828877,27.77618182
tile_r8_c2.tiff,130,0.488159865,26.59743541
tile_r8_c2.tiff,140,0.442802012,25.05526841
tile_r8_c2.tiff,150,0.422977418,24.3812322
tile_r8_c2.tiff,160,0.480444342,26.33510762
tile_r8_c2.tiff,170,0.544641256,28.51780272
tile_r8_c2.tiff,180,0.568184137,29.31826067
tile_r8_c3.tiff,0,0.756001592,35.70405412
tile_r8_c3.tiff,10,0.672564507,32.86719322
tile_r8_c3.tiff,20,0.604612112,30.55681181
tile_r8_c3.tiff,30,0.573381722,29.49497855
tile_r8_c3.tiff,40,0.593041003,30.16339409
tile_r8_c3.tiff,50,0.64054513,31.77853441
tile_r8_c3.tiff,60,0.640794814,31.78702366
tile_r8_c3.tiff,70,0.61993736,31.07787025
tile_r8_c3.tiff,80,0.626494169,31.30080175
tile_r8_c3.tiff,90,0.662376404,32.52079773
tile_r8_c3.tiff,100,0.657751024,32.36353481
tile_r8_c3.tiff,110,0.627894282,31.3484056
tile_r8_c3.tiff,120,0.602901042,30.49863541
tile_r8_c3.tiff,130,0.545205176,28.53697598
tile_r8_c3.tiff,140,0.489443064,26.64106417
tile_r8_c3.tiff,150,0.49382773,26.79014283
tile_r8_c3.tiff,160,0.632036388,31.48923719
tile_r8_c3.tiff,170,0.775688767,36.37341809
tile_r8_c3.tiff,180,0.812056124,37.60990822
tile_r8_c4.tiff,0,0.651076734,32.13660896
tile_r8_c4.tiff,10,0.59194237,30.12604058
tile_r8_c4.tiff,20,0.541731715,28.41887832
tile_r8_c4.tiff,30,0.520632207,27.70149505
tile_r8_c4.tiff,40,0.538678288,28.31506181
tile_r8_c4.tiff,50,0.575366437,29.56245887
tile_r8_c4.tiff,60,0.568859279,29.34121549
tile_r8_c4.tiff,70,0.539683402,28.34923565
tile_r8_c4.tiff,80,0.538075686,28.29457331
tile_r8_c4.tiff,90,0.568180501,29.31813705
tile_r8_c4.tiff,100,0.568167448,29.31769323
tile_r8_c4.tiff,110,0.552968204,28.80091894
tile_r8_c4.tiff,120,0.544176877,28.5020138
tile_r8_c4.tiff,130,0.506588459,27.22400761
tile_r8_c4.tiff,140,0.463821441,25.76992899
tile_r8_c4.tiff,150,0.463727683,25.76674122
tile_r8_c4.tiff,160,0.567198813,29.28475964
tile_r8_c4.tiff,170,0.673883617,32.91204298
tile_r8_c4.tiff,180,0.702341199,33.87960076
tile_r8_c5.tiff,0,0.654903769,32.26672816
tile_r8_c5.tiff,10,0.574180782,29.52214658
tile_r8_c5.tiff,20,0.497393131,26.91136646
tile_r8_c5.tiff,30,0.463831216,25.77026135
tile_r8_c5.tiff,40,0.487346828,26.56979215
tile_r8_c5.tiff,50,0.53806293,28.29413962
tile_r8_c5.tiff,60,0.551986754,28.76754963
tile_r8_c5.tiff,70,0.547358871,28.6102016
tile_r8_c5.tiff,80,0.561174273,29.0799253
tile_r8_c5.tiff,90,0.595450878,30.24532986
tile_r8_c5.tiff,100,0.59697938,30.29729891
tile_r8_c5.tiff,110,0.581234694,29.76197958
tile_r8_c5.tiff,120,0.575972736,29.58307302
tile_r8_c5.tiff,130,0.540506721,28.3772285
tile_r8_c5.tiff,140,0.499640673,26.9877829
tile_r8_c5.tiff,150,0.504177332,27.14202929
tile_r8_c5.tiff,160,0.609602928,30.72649956
tile_r8_c5.tiff,170,0.711771071,34.20021641
tile_r8_c5.tiff,180,0.719208777,34.45309842
tile_r8_c6.tiff,0,0.563580751,29.16174555
tile_r8_c6.tiff,10,0.533425629,28.13647139
tile_r8_c6.tiff,20,0.491353005,26.70600218
tile_r8_c6.tiff,30,0.478742987,26.27726156
tile_r8_c6.tiff,40,0.506755173,27.22967589
tile_r8_c6.tiff,50,0.550814271,28.72768521
tile_r8_c6.tiff,60,0.555871069,28.89961636
tile_r8_c6.tiff,70,0.541105568,28.39758933
tile_r8_c6.tiff,80,0.54710722,28.60164547
tile_r8_c6.tiff,90,0.575808108,29.57747567
tile_r8_c6.tiff,100,0.572953403,29.4804157
tile_r8_c6.tiff,110,0.554365039,28.84841132
tile_r8_c6.tiff,120,0.541050732,28.39572489
tile_r8_c6.tiff,130,0.500812352,27.02761996
tile_r8_c6.tiff,140,0.45421651,25.44336134
tile_r8_c6.tiff,150,0.443629712,25.0834102
tile_r8_c6.tiff,160,0.524260879,27.82486987
tile_r8_c6.tiff,170,0.609752595,30.73158824
tile_r8_c6.tiff,180,0.63255477,31.50686216
tile_r8_c7.tiff,0,0.351792961,21.96096069
tile_r8_c7.tiff,10,0.340104967,21.56356889
tile_r8_c7.tiff,20,0.349429041,21.8805874
tile_r8_c7.tiff,30,0.360387623,22.25317919
tile_r8_c7.tiff,40,0.371790051,22.64086175
tile_r8_c7.tiff,50,0.377358288,22.83018178
tile_r8_c7.tiff,60,0.356325984,22.11508346
tile_r8_c7.tiff,70,0.323113859,20.9858712
tile_r8_c7.tiff,80,0.310702354,20.56388003
tile_r8_c7.tiff,90,0.322643161,20.96986747
tile_r8_c7.tiff,100,0.32142216,20.92835343
tile_r8_c7.tiff,110,0.322322816,20.95897573
tile_r8_c7.tiff,120,0.327014059,21.118478
tile_r8_c7.tiff,130,0.318055987,20.81390357
tile_r8_c7.tiff,140,0.300852031,20.22896904
tile_r8_c7.tiff,150,0.287202597,19.76488829
tile_r8_c7.tiff,160,0.304857105,20.36514157
tile_r8_c7.tiff,170,0.328251898,21.16056454
tile_r8_c7.tiff,180,0.353596479,22.02228028
tile_r8_c8.tiff,0,0.391056329,23.29591519
tile_r8_c8.tiff,10,0.361051023,22.27573478
tile_r8_c8.tiff,20,0.35120514,21.94097477
tile_r8_c8.tiff,30,0.354230016,22.04382056
tile_r8_c8.tiff,40,0.372737914,22.67308909
tile_r8_c8.tiff,50,0.391916454,23.32515943
tile_r8_c8.tiff,60,0.384541988,23.0744276
tile_r8_c8.tiff,70,0.364435166,22.39079565
tile_r8_c8.tiff,80,0.360745162,22.2653355
tile_r8_c8.tiff,90,0.376870632,22.81360149
tile_r8_c8.tiff,100,0.377120197,22.82208669
tile_r8_c8.tiff,110,0.37729302,22.8279627
tile_r8_c8.tiff,120,0.383688271,23.04540122
tile_r8_c8.tiff,130,0.374034017,22.71715659
tile_r8_c8.tiff,140,0.354038805,22.03731936
tile_r8_c8.tiff,150,0.341116905,21.59797478
tile_r8_c8.tiff,160,0.364167988,22.3817116
tile_r8_c8.tiff,170,0.389649957,23.24809855
tile_r8_c8.tiff,180,0.40235132,23.67994487
tile_r8_c9.tiff,0,0.654602408,32.25648189
tile_r8_c9.tiff,10,0.56009829,29.04334188
tile_r8_c9.tiff,20,0.515733004,27.53492212
tile_r8_c9.tiff,30,0.491030753,26.69504559
tile_r8_c9.tiff,40,0.492568135,26.7473166
tile_r8_c9.tiff,50,0.509562194,27.32511461
tile_r8_c9.tiff,60,0.489514381,26.64348894
tile_r8_c9.tiff,70,0.456306726,25.51442868
tile_r8_c9.tiff,80,0.44981131,25.29358453
tile_r8_c9.tiff,90,0.474072129,26.11845237
tile_r8_c9.tiff,100,0.470452696,25.99539167
tile_r8_c9.tiff,110,0.454911202,25.46698087
tile_r8_c9.tiff,120,0.445067942,25.13231003
tile_r8_c9.tiff,130,0.412357599,24.02015835
tile_r8_c9.tiff,140,0.382193327,22.99457312
tile_r8_c9.tiff,150,0.394751757,23.42155975
tile_r8_c9.tiff,160,0.503824055,27.13001788
tile_r8_c9.tiff,170,0.616586149,30.96392906
tile_r8_c9.tiff,180,0.653408706,32.21589601
tile_r8_c10.tiff,0,0.622038245,31.14930034
tile_r8_c10.tiff,10,0.534670532,28.17879808
tile_r8_c10.tiff,20,0.440620154,24.98108524
tile_r8_c10.tiff,30,0.394345433,23.40774471
tile_r8_c10.tiff,40,0.409940332,23.93797129
tile_r8_c10.tiff,50,0.457599342,25.55837762
tile_r8_c10.tiff,60,0.481766671,26.38006681
tile_r8_c10.tiff,70,0.496133775,26.86854833
tile_r8_c10.tiff,80,0.523315489,27.79272664
tile_r8_c10.tiff,90,0.561059773,29.07603228
tile_r8_c10.tiff,100,0.567605495,29.29858685
tile_r8_c10.tiff,110,0.557513654,28.95546424
tile_r8_c10.tiff,120,0.558507383,28.98925102
tile_r8_c10.tiff,130,0.530249059,28.02846801
tile_r8_c10.tiff,140,0.497595668,26.91825271
tile_r8_c10.tiff,150,0.509489357,27.32263815
tile_r8_c10.tiff,160,0.611735165,30.79899561
tile_r8_c10.tiff,170,0.705567896,33.98930848
tile_r8_c10.tiff,180,0.696817219,33.69178545
tile_r9_c1.tiff,0,0.605869055,30.59954786
tile_r9_c1.tiff,10,0.603682876,30.52521777
tile_r9_c1.tiff,20,0.603762925,30.52793944
tile_r9_c1.tiff,30,0.601859629,30.46322739
tile_r9_c1.tiff,40,0.598435402,30.34680367
tile_r9_c1.tiff,50,0.596301854,30.27426302
tile_r9_c1.tiff,60,0.545102775,28.53349435
tile_r9_c1.tiff,70,0.469419897,25.96027648
tile_r9_c1.tiff,80,0.438907176,24.92284399
tile_r9_c1.tiff,90,0.460888773,25.67021829
tile_r9_c1.tiff,100,0.462234914,25.71598709
tile_r9_c1.tiff,110,0.454924554,25.46743482
tile_r9_c1.tiff,120,0.446532935,25.18211979
tile_r9_c1.tiff,130,0.412991971,24.04172701
tile_r9_c1.tiff,140,0.376216441,22.79135901
tile_r9_c1.tiff,150,0.373039365,22.6833384
tile_r9_c1.tiff,160,0.467014074,25.87847853
tile_r9_c1.tiff,170,0.575225949,29.55768228
tile_r9_c1.tiff,180,0.640954435,31.79245079
tile_r9_c2.tiff,0,0.519897342,27.67650962
tile_r9_c2.tiff,10,0.439379215,24.93889332
tile_r9_c2.tiff,20,0.404694796,23.75962305
tile_r9_c2.tiff,30,0.389195651,23.23265213
tile_r9_c2.tiff,40,0.39814204,23.53682935
tile_r9_c2.tiff,50,0.416717201,24.16838485
tile_r9_c2.tiff,60,0.406802922,23.83129936
tile_r9_c2.tiff,70,0.385148466,23.09504783
tile_r9_c2.tiff,80,0.381462216,22.96971536
tile_r9_c2.tiff,90,0.400172085,23.60585088
tile_r9_c2.tiff,100,0.398381919,23.54498523
tile_r9_c2.tiff,110,0.39237529,23.34075987
tile_r9_c2.tiff,120,0.395329386,23.44119912
tile_r9_c2.tiff,130,0.380515784,22.93753666
tile_r9_c2.tiff,140,0.362020642,22.30870181
tile_r9_c2.tiff,150,0.367773652,22.50430417
tile_r9_c2.tiff,160,0.433489233,24.73863393
tile_r9_c2.tiff,170,0.497859776,26.92723238
tile_r9_c2.tiff,180,0.515224099,27.51761937
tile_r9_c3.tiff,0,0.419938117,24.27789599
tile_r9_c3.tiff,10,0.439246982,24.9343974
tile_r9_c3.tiff,20,0.398716569,23.55636334
tile_r9_c3.tiff,30,0.393055171,23.36387581
tile_r9_c3.tiff,40,0.434241891,24.76422429
tile_r9_c3.tiff,50,0.491288513,26.70380944
tile_r9_c3.tiff,60,0.517542601,27.59644842
tile_r9_c3.tiff,70,0.524414182,27.83008218
tile_r9_c3.tiff,80,0.541991651,28.42771614
tile_r9_c3.tiff,90,0.570666909,29.40267491
tile_r9_c3.tiff,100,0.570361555,29.39229286
tile_r9_c3.tiff,110,0.557926774,28.96951032
tile_r9_c3.tiff,120,0.551742017,28.75922859
tile_r9_c3.tiff,130,0.519447029,27.66119897
tile_r9_c3.tiff,140,0.473457426,26.09755248
tile_r9_c3.tiff,150,0.449609667,25.28672868
tile_r9_c3.tiff,160,0.49107042,26.69639426
tile_r9_c3.tiff,170,0.534506917,28.17323518
tile_r9_c3.tiff,180,0.535041809,28.19142151
tile_r9_c4.tiff,0,0.56303668,29.14324713
tile_r9_c4.tiff,10,0.493136555,26.76664287
tile_r9_c4.tiff,20,0.449032545,25.26710653
tile_r9_c4.tiff,30,0.430669755,24.64277166
tile_r9_c4.tiff,40,0.449492365,25.28274041
tile_r9_c4.tiff,50,0.485172659,26.49587041
tile_r9_c4.tiff,60,0.490205407,26.66698384
tile_r9_c4.tiff,70,0.488436967,26.60685688
tile_r9_c4.tiff,80,0.500508904,27.01730275
tile_r9_c4.tiff,90,0.524814844,27.8437047
tile_r9_c4.tiff,100,0.513045847,27.44355881
tile_r9_c4.tiff,110,0.48370719,26.44604445
tile_r9_c4.tiff,120,0.458723754,25.59660763
tile_r9_c4.tiff,130,0.412667781,24.03070456
tile_r9_c4.tiff,140,0.371398389,22.62754524
tile_r9_c4.tiff,150,0.371606976,22.63463718
tile_r9_c4.tiff,160,0.462375611,25.72077078
tile_r9_c4.tiff,170,0.559081972,29.00878704
tile_r9_c4.tiff,180,0.587889731,29.98825085
tile_r9_c5.tiff,0,0.585784554,29.91667485
tile_r9_c5.tiff,10,0.605025113,30.57085383
tile_r9_c5.tiff,20,0.613040686,30.84338331
tile_r9_c5.tiff,30,0.61814934,31.01707757
tile_r9_c5.tiff,40,0.621569574,31.13336551
tile_r9_c5.tiff,50,0.62518692,31.25635529
tile_r9_c5.tiff,60,0.57855171,29.67075813
tile_r9_c5.tiff,70,0.508587658,27.29198039
tile_r9_c5.tiff,80,0.482372135,26.40065259
tile_r9_c5.tiff,90,0.504782617,27.16260898
tile_r9_c5.tiff,100,0.501192868,27.0405575
tile_r9_c5.tiff,110,0.484313101,26.46664542
tile_r9_c5.tiff,120,0.463647753,25.7640236
tile_r9_c5.tiff,130,0.417013675,24.17846495
tile_r9_c5.tiff,140,0.369323105,22.55698556
tile_r9_c5.tiff,150,0.357716352,22.16235596
tile_r9_c5.tiff,160,0.450083077,25.30282462
tile_r9_c5.tiff,170,0.562014759,29.10850179
tile_r9_c5.tiff,180,0.634920835,31.58730841
tile_r9_c6.tiff,0,0.718988836,34.44562042
tile_r9_c6.tiff,10,0.612513423,30.82545638
tile_r9_c6.tiff,20,0.543521404,28.47972775
tile_r9_c6.tiff,30,0.511302352,27.38427997
tile_r9_c6.tiff,40,0.52902627,27.98689318
tile_r9_c6.tiff,50,0.572300553,29.45821881
tile_r9_c6.tiff,60,0.574925959,29.54748261
tile_r9_c6.tiff,70,0.559679627,29.02910733
tile_r9_c6.tiff,80,0.56717521,29.28395712
tile_r9_c6.tiff,90,0.59981066,30.39356244
tile_r9_c6.tiff,100,0.596774638,30.29033768
tile_r9_c6.tiff,110,0.574207485,29.52305448
tile_r9_c6.tiff,120,0.559465885,29.0218401
tile_r9_c6.tiff,130,0.515639186,27.53173232
tile_r9_c6.tiff,140,0.471531212,26.03206122
tile_r9_c6.tiff,150,0.479168743,26.29173726
tile_r9_c6.tiff,160,0.600854278,30.42904544
tile_r9_c6.tiff,170,0.723637283,34.60366762
tile_r9_c6.tiff,180,0.74812299,35.43618166
tile_r9_c7.tiff,0,0.631362557,31.46632695
tile_r9_c7.tiff,10,0.586204708,29.93096006
tile_r9_c7.tiff,20,0.54586035,28.5592519
tile_r9_c7.tiff,30,0.529732525,28.01090586
tile_r9_c7.tiff,40,0.545785785,28.55671668
tile_r9_c7.tiff,50,0.576950669,29.61632276
tile_r9_c7.tiff,60,0.56416887,29.1817416
tile_r9_c7.tiff,70,0.528673112,27.97488582
tile_r9_c7.tiff,80,0.523233891,27.78995228
tile_r9_c7.tiff,90,0.552097201,28.77130485
tile_r9_c7.tiff,100,0.552274466,28.77733183
tile_r9_c7.tiff,110,0.538121939,28.29614592
tile_r9_c7.tiff,120,0.528869569,27.98156536
tile_r9_c7.tiff,130,0.491325945,26.70508212
tile_r9_c7.tiff,140,0.448750287,25.25750977
tile_r9_c7.tiff,150,0.446503937,25.18113387
tile_r9_c7.tiff,160,0.545416117,28.54414797
tile_r9_c7.tiff,170,0.649412096,32.08001125
tile_r9_c7.tiff,180,0.682938755,33.21991765
tile_r9_c8.tiff,0,0.635132432,31.59450269
tile_r9_c8.tiff,10,0.61347574,30.85817516
tile_r9_c8.tiff,20,0.54435879,28.50819886
tile_r9_c8.tiff,30,0.522912264,27.77901697
tile_r9_c8.tiff,40,0.567645669,29.29995275
tile_r9_c8.tiff,50,0.641751051,31.81953573
tile_r9_c8.tiff,60,0.66941309,32.76004505
tile_r9_c8.tiff,70,0.669676363,32.76899636
tile_r9_c8.tiff,80,0.688966274,33.42485332
tile_r9_c8.tiff,90,0.728520691,34.76970351
tile_r9_c8.tiff,100,0.727363527,34.73035991
tile_r9_c8.tiff,110,0.701499224,33.85097361
tile_r9_c8.tiff,120,0.681807518,33.18145561
tile_r9_c8.tiff,130,0.625810862,31.27756929
tile_r9_c8.tiff,140,0.560167074,29.04568052
tile_r9_c8.tiff,150,0.542479992,28.44431973
tile_r9_c8.tiff,160,0.642296851,31.83809292
tile_r9_c8.tiff,170,0.74582988,35.35821593
tile_r9_c8.tiff,180,0.759266555,35.81506288
tile_r9_c9.tiff,0,0.662238836,32.51612043
tile_r9_c9.tiff,10,0.602289498,30.47784293
tile_r9_c9.tiff,20,0.535863578,28.21936166
tile_r9_c9.tiff,30,0.509123743,27.31020725
tile_r9_c9.tiff,40,0.536234498,28.23197293
tile_r9_c9.tiff,50,0.588513911,30.00947297
tile_r9_c9.tiff,60,0.597964704,30.33079994
tile_r9_c9.tiff,70,0.58399117,29.85569978
tile_r9_c9.tiff,80,0.592859328,30.15721714
tile_r9_c9.tiff,90,0.62735647,31.33011997
tile_r9_c9.tiff,100,0.627336204,31.32943094
tile_r9_c9.tiff,110,0.609113812,30.70986962
tile_r9_c9.tiff,120,0.599389136,30.37923062
tile_r9_c9.tiff,130,0.558236897,28.9800545
tile_r9_c9.tiff,140,0.510538936,27.35832381
tile_r9_c9.tiff,150,0.508500099,27.28900337
tile_r9_c9.tiff,160,0.61431849,30.88682866
tile_r9_c9.tiff,170,0.720503211,34.49710917
tile_r9_c9.tiff,180,0.737446964,35.07319677
tile_r9_c10.tiff,0,0.729964435,34.81879079
tile_r9_c10.tiff,10,0.65997678,32.43921053
tile_r9_c10.tiff,20,0.60185957,30.46322536
tile_r9_c10.tiff,30,0.575257838,29.55876648
tile_r9_c10.tiff,40,0.592190564,30.13447917
tile_r9_c10.tiff,50,0.632939398,31.51993954
tile_r9_c10.tiff,60,0.627034605,31.31917655
tile_r9_c10.tiff,70,0.600247741,30.40842319
tile_r9_c10.tiff,80,0.603065431,30.50422466
tile_r9_c10.tiff,90,0.637306392,31.66841733
tile_r9_c10.tiff,100,0.632096231,31.49127185
tile_r9_c10.tiff,110,0.603666246,30.52465236
tile_r9_c10.tiff,120,0.579670072,29.70878243
tile_r9_c10.tiff,130,0.524455428,27.83148456
tile_r9_c10.tiff,140,0.470969856,26.0129751
tile_r9_c10.tiff,150,0.474090874,26.11908972
tile_r9_c10.tiff,160,0.605946541,30.60218239
tile_r9_c10.tiff,170,0.744354904,35.30806673
tile_r9_c10.tiff,180,0.784895658,36.68645239
tile_r10_c1.tiff,0,0.812495768,37.62485611
tile_r10_c1.tiff,10,0.746571958,35.38344657
tile_r10_c1.tiff,20,0.653489232,32.21863389
tile_r10_c1.tiff,30,0.612231255,30.81586266
tile_r10_c1.tiff,40,0.64349848,31.87894833
tile_r10_c1.tiff,50,0.714374363,34.28872836
tile_r10_c1.tiff,60,0.733541608,34.94041467
tile_r10_c1.tiff,70,0.727529943,34.73601806
tile_r10_c1.tiff,80,0.747172594,35.4038682
tile_r10_c1.tiff,90,0.792024195,36.92882264
tile_r10_c1.tiff,100,0.785183847,36.6962508
tile_r10_c1.tiff,110,0.743665457,35.28462553
tile_r10_c1.tiff,120,0.708413601,34.08606243
tile_r10_c1.tiff,130,0.634354889,31.56806624
tile_r10_c1.tiff,140,0.563106537,29.14562225
tile_r10_c1.tiff,150,0.566067517,29.24629557
tile_r10_c1.tiff,160,0.729133129,34.79052639
tile_r10_c1.tiff,170,0.89617312,40.46988606
tile_r10_c1.tiff,180,0.928159773,41.55743229
tile_r10_c2.tiff,0,0.676827908,33.01214886
tile_r10_c2.tiff,10,0.602233648,30.47594404
tile_r10_c2.tiff,20,0.519994974,27.67982912
tile_r10_c2.tiff,30,0.483927011,26.45351839
tile_r10_c2.tiff,40,0.509798229,27.33313978
tile_r10_c2.tiff,50,0.566336989,29.25545764
tile_r10_c2.tiff,60,0.583795905,29.84906077
tile_r10_c2.tiff,70,0.581723511,29.77859938
tile_r10_c2.tiff,80,0.598454654,30.34745824
tile_r10_c2.tiff,90,0.634979308,31.58929646
tile_r10_c2.tiff,100,0.63503933,31.5913372
tile_r10_c2.tiff,110,0.615407288,30.92384779
tile_r10_c2.tiff,120,0.605844557,30.59871495
tile_r10_c2.tiff,130,0.564256668,29.18472672
tile_r10_c2.tiff,140,0.518246412,27.62037802
tile_r10_c2.tiff,150,0.521916568,27.74516332
tile_r10_c2.tiff,160,0.635922909,31.6213789
tile_r10_c2.tiff,170,0.747657716,35.42036235
tile_r10_c2.tiff,180,0.756699741,35.72779119
tile_r10_c3.tiff,0,0.464827776,25.80414438
tile_r10_c3.tiff,10,0.440308362,24.97048432
tile_r10_c3.tiff,20,0.431731731,24.67887884
tile_r10_c3.tiff,30,0.432851106,24.7169376
tile_r10_c3.tiff,40,0.446337968,25.17549092
tile_r10_c3.tiff,50,0.461795926,25.70106149
tile_r10_c3.tiff,60,0.44456324,25.11515015
tile_r10_c3.tiff,70,0.41409573,24.07925481
tile_r10_c3.tiff,80,0.406431198,23.81866074
tile_r10_c3.tiff,90,0.424568862,24.4353413
tile_r10_c3.tiff,100,0.421131581,24.31847376
tile_r10_c3.tiff,110,0.411361367,23.98628646
tile_r10_c3.tiff,120,0.404390842,23.74928862
tile_r10_c3.tiff,130,0.379417181,22.90018415
tile_r10_c3.tiff,140,0.349748552,21.89145076
tile_r10_c3.tiff,150,0.340264976,21.56900918
tile_r10_c3.tiff,160,0.392417639,23.34219974
tile_r10_c3.tiff,170,0.452296734,25.37808895
tile_r10_c3.tiff,180,0.484319538,26.46686429
tile_r10_c4.tiff,0,0.732362032,34.90030909
tile_r10_c4.tiff,10,0.655826211,32.29809117
tile_r10_c4.tiff,20,0.585468113,29.90591586
tile_r10_c4.tiff,30,0.552292526,28.77794588
tile_r10_c4.tiff,40,0.570194662,29.38661849
tile_r10_c4.tiff,50,0.616380572,30.95693946
tile_r10_c4.tiff,60,0.617806196,31.00541067
tile_r10_c4.tiff,70,0.600528896,30.41798246
tile_r10_c4.tiff,80,0.608944952,30.70412838
tile_r10_c4.tiff,90,0.643705904,31.88600075
tile_r10_c4.tiff,100,0.637150705,31.66312397
tile_r10_c4.tiff,110,0.605068088,30.57231498
tile_r10_c4.tiff,120,0.578756928,29.67773557
tile_r10_c4.tiff,130,0.521252811,27.72259557
tile_r10_c4.tiff,140,0.468043476,25.9134782
tile_r10_c4.tiff,150,0.476368606,26.19653261
tile_r10_c4.tiff,160,0.617087305,30.98096836
tile_r10_c4.tiff,170,0.761923134,35.90538657
tile_r10_c4.tiff,180,0.797148764,37.10305798
tile_r10_c5.tiff,0,0.815447211,37.72520518
tile_r10_c5.tiff,10,0.732601106,34.90843761
tile_r10_c5.tiff,20,0.662060082,32.51004279
tile_r10_c5.tiff,30,0.624141455,31.22080946
tile_r10_c5.tiff,40,0.629451215,31.40134132
tile_r10_c5.tiff,50,0.661712348,32.49821985
tile_r10_c5.tiff,60,0.642333925,31.83935344
tile_r10_c5.tiff,70,0.595749378,30.25547886
tile_r10_c5.tiff,80,0.587029874,29.95901573
tile_r10_c5.tiff,90,0.623031795,31.18308103
tile_r10_c5.tiff,100,0.624847829,31.2448262
tile_r10_c5.tiff,110,0.605531871,30.58808362
tile_r10_c5.tiff,120,0.593454897,30.17746651
tile_r10_c5.tiff,130,0.547709644,28.62212789
tile_r10_c5.tiff,140,0.502126753,27.07230961
tile_r10_c5.tiff,150,0.51875937,27.63781857
tile_r10_c5.tiff,160,0.675187409,32.9563719
tile_r10_c5.tiff,170,0.833014429,38.32249057
tile_r10_c5.tiff,180,0.874910593,39.74696016
tile_r10_c6.tiff,0,0.816812873,37.77163768
tile_r10_c6.tiff,10,0.756989419,35.73764026
tile_r10_c6.tiff,20,0.683722198,33.24655473
tile_r10_c6.tiff,30,0.651084542,32.13687444
tile_r10_c6.tiff,40,0.674642503,32.93784511
tile_r10_c6.tiff,50,0.729880452,34.81593537
tile_r10_c6.tiff,60,0.72861445,34.77289128
tile_r10_c6.tiff,70,0.696339905,33.67555678
tile_r10_c6.tiff,80,0.698616564,33.75296319
tile_r10_c6.tiff,90,0.740194738,35.16662109
tile_r10_c6.tiff,100,0.739511311,35.14338458
tile_r10_c6.tiff,110,0.709959328,34.13861716
tile_r10_c6.tiff,120,0.684799373,33.28317869
tile_r10_c6.tiff,130,0.621210754,31.12116563
tile_r10_c6.tiff,140,0.555845797,28.8987571
tile_r10_c6.tiff,150,0.556782544,28.93060648
tile_r10_c6.tiff,160,0.710716963,34.16437674
tile_r10_c6.tiff,170,0.870440185,39.59496629
tile_r10_c6.tiff,180,0.911438763,40.98891795
tile_r10_c7.tiff,0,0.797692657,37.12155032
tile_r10_c7.tiff,10,0.730871856,34.84964311
tile_r10_c7.tiff,20,0.686184347,33.33026779
tile_r10_c7.tiff,30,0.655031502,32.27107108
tile_r10_c7.tiff,40,0.641927898,31.82554853
tile_r10_c7.tiff,50,0.645891666,31.96031666
tile_r10_c7.tiff,60,0.597264349,30.30698788
tile_r10_c7.tiff,70,0.522936702,27.77984786
tile_r10_c7.tiff,80,0.495522052,26.84774977
tile_r10_c7.tiff,90,0.524654746,27.83826137
tile_r10_c7.tiff,100,0.527727306,27.9427284
tile_r10_c7.tiff,110,0.515357852,27.52216697
tile_r10_c7.tiff,120,0.506679833,27.22711432
tile_r10_c7.tiff,130,0.467941195,25.91000062
tile_r10_c7.tiff,140,0.432120621,24.69210112
tile_r10_c7.tiff,150,0.4537687,25.42813581
tile_r10_c7.tiff,160,0.608551741,30.69075918
tile_r10_c7.tiff,170,0.769439518,36.16094363
tile_r10_c7.tiff,180,0.831969321,38.28695691
tile_r10_c8.tiff,0,0.626828551,31.31217074
tile_r10_c8.tiff,10,0.578623235,29.67319
tile_r10_c8.tiff,20,0.528970242,27.98498821
tile_r10_c8.tiff,30,0.509115756,27.30993569
tile_r10_c8.tiff,40,0.529188752,27.99241757
tile_r10_c8.tiff,50,0.567865252,29.30741858
tile_r10_c8.tiff,60,0.5643121,29.18661141
tile_r10_c8.tiff,70,0.539134622,28.33057714
tile_r10_c8.tiff,80,0.539363384,28.33835506
tile_r10_c8.tiff,90,0.568995118,29.34583402
tile_r10_c8.tiff,100,0.568007648,29.31226003
tile_r10_c8.tiff,110,0.550585389,28.71990323
tile_r10_c8.tiff,120,0.539735794,28.351017
tile_r10_c8.tiff,130,0.500667989,27.02271163
tile_r10_c8.tiff,140,0.457343787,25.54968876
tile_r10_c8.tiff,150,0.456401825,25.51766205
tile_r10_c8.tiff,160,0.557290375,28.94787276
tile_r10_c8.tiff,170,0.661106527,32.47762191
tile_r10_c8.tiff,180,0.688290656,33.40188229
tile_r10_c9.tiff,0,0.574454784,29.53146267
tile_r10_c9.tiff,10,0.552071512,28.7704314
tile_r10_c9.tiff,20,0.547902644,28.62868989
tile_r10_c9.tiff,30,0.544098675,28.49935496
tile_r10_c9.tiff,40,0.54104656,28.39558303
tile_r10_c9.tiff,50,0.539928079,28.35755467
tile_r10_c9.tiff,60,0.49639526,26.87743884
tile_r10_c9.tiff,70,0.435774416,24.81633013
tile_r10_c9.tiff,80,0.41245088,24.02332991
tile_r10_c9.tiff,90,0.431947052,24.68619978
tile_r10_c9.tiff,100,0.429896027,24.61646491
tile_r10_c9.tiff,110,0.419159889,24.25143623
tile_r10_c9.tiff,120,0.408079416,23.87470013
tile_r10_c9.tiff,130,0.375508457,22.76728755
tile_r10_c9.tiff,140,0.342837363,21.65647036
tile_r10_c9.tiff,150,0.342601866,21.64846343
tile_r10_c9.tiff,160,0.430870771,24.64960623
tile_r10_c9.tiff,170,0.532459676,28.10362899
tile_r10_c9.tiff,180,0.591077447,30.0966332
tile_r10_c10.tiff,0,0.741842628,35.22264934
tile_r10_c10.tiff,10,0.625768125,31.27611625
tile_r10_c10.tiff,20,0.533172965,28.12788081
tile_r10_c10.tiff,30,0.489796013,26.65306443
tile_r10_c10.tiff,40,0.512203634,27.41492355
tile_r10_c10.tiff,50,0.569216788,29.35337079
tile_r10_c10.tiff,60,0.587283969,29.96765494
tile_r10_c10.tiff,70,0.586083829,29.9268502
tile_r10_c10.tiff,80,0.604359508,30.54822326
tile_r10_c10.tiff,90,0.642752826,31.85359609
tile_r10_c10.tiff,100,0.642572582,31.84746778
tile_r10_c10.tiff,110,0.62127918,31.12349212
tile_r10_c10.tiff,120,0.611312509,30.78462529
tile_r10_c10.tiff,130,0.568677664,29.33504057
tile_r10_c10.tiff,140,0.523471594,27.79803419
tile_r10_c10.tiff,150,0.533542156,28.14043331
tile_r10_c10.tiff,160,0.661563694,32.49316561
tile_r10_c10.tiff,170,0.785475075,36.70615256
tile_r10_c10.tiff,180,0.794407129,37.0098424
